1,bf55292f-63a8-4090-a760-3dea457
2,842a2280-7ffb-4f6f-bfea-4f053357752e
3,21cac7ef-9371-4dad-b3e2-9cbfe4885cd8
4,43e608bb-07dc-4337-b805-198f66f26931
5,ec899977-466f-4a56-9994-1844186d8ab7
6,75e8d464-82d6-40c5-b7d0-b81f0e95afcb
7,ede45e8d-874a-4bbf-a12e-9e55f35bf4da
8,55e92bb8-e341-4837-bdf0-5aa447f57777
9,779f4ea3-931d-494e-b679-84419bfed7cd
10,eeb971f3-5daa-444a-97d5-9df7ca9fd777
11,d6a3a065-8ee5-4e9d-bf11-6a899f14b9e4
12,f2e45631-6580-40dc-8fd6-f9be6ea60224
13,27738efe-73d1-4714-8680-80df59f6e932
14,e5063bcd-bd5b-4999-8341-d294ebbce001
15,2af8e4e0-642a-4844-b3bb-eaf6dd0e684e
16,c7f7b127-ac84-4151-948e-f6311e4e2034
17,19fa61ca-9777-4f57-8eff-5b6504ee2645
18,8adf1094-a251-424f-b168-809af9c8b578
19,77f352e8-a107-4456-ae32-b25c3bb00f00
20,84167543-7c24-4565-a3f3-152e69578d3e
21,f23b5caa-b353-41e4-ab37-c476723f79af
22,1f2a5914-ef51-4369-a73d-f08e6bc56dd3
23,b6a39003-08f7-443a-83de-7569a7be88de
24,aab6f463-6b4a-4660-a6f5-c3f9c2ab0f0e
25,d9dd2921-68dd-4cb0-87dd-415a8f1c338b
26,2becdb90-a600-4de9-a381-6fde49d761fd
27,951c1b52-f3ee-4e03-a161-a3db3cc8caaf
28,891df6f3-8212-442d-9e77-83c8aaa88f6b
29,bf30f5d0-05e5-4220-95c2-15a863614b45
30,cab90aaf-9878-41b0-951e-dcb545954fbc
31,177728b2-1946-40d0-9091-c6038a448d9a
32,1b732bf1-25c6-4825-82ee-1117cfa33fbf
33,cdad9e03-3a07-48c6-9c4d-12d826fce615
34,c959094f-cd4e-4c77-8412-c295765b9cff
35,b81d1900-52c2-4d7c-8072-68b51c89d7df
36,970769da-0540-46d3-ad02-bcf113ab6a45
37,8994885d-af09-4880-8303-7dda54ba666b
38,e4e1a044-28bc-4548-8439-899ad6911daf
39,25e5ca4e-fbe5-4b57-bcfb-59436f7594dc
40,760b6ad3-338d-42c3-a4e8-58bb91e9de17
41,90bdb186-70f6-4004-931e-334159e8c55f
42,a2957c5d-0b73-4eef-9416-31feea0f439f
43,1a4ef74d-387a-4cfb-b1a6-53e10bc06bad
44,c28ff451-eaf7-479e-9887-e5b3954a0dd9
45,3f54c52a-60ae-421c-bf69-0ce99aa1ae60
46,8bf93e15-3788-49b1-92a0-6241dc409a49
47,604e673d-d06c-4c6f-ba9a-303126824dcd
48,8ca33d5b-8aca-464c-8dc0-aec5a0d9f716
49,c4bd9a3d-029e-4849-8d91-40e1806d5d6a
50,657b91df-7e93-4628-963e-847dec119f63
51,a544d937-24ab-4110-bb9b-28ea78fb937c
52,28c073e5-27ff-4844-a920-cfd87b4c438d
53,8b8ef31a-e8d4-451a-bda7-190eedad33cd
54,78866fab-5b14-40ce-accd-32e15902d507
55,bc9503e0-d97e-448d-94a2-c928429d773c
56,13d758df-6c21-4148-9dbe-5268b1e04084
57,27deb5c5-a96e-49e1-a14b-697eda478aa9
58,ea77004a-f063-4459-9f97-acb87780855e
59,8402175e-9d1a-4406-9119-6ffd403421d1
60,445bc998-e662-44b2-ae4a-2da0fd2c1a82
61,f91ddad5-db89-411a-921d-edd0907eaf1b
62,1d95bd56-cf20-429b-a57a-f3d8c5f8b61d
63,5f847c86-631b-43fe-9912-1732c3ed983c
64,fff4c997-6907-4f53-ab5b-ed87eaf3921d
65,294102e2-3464-4fd4-bf80-7261eadc963c
66,db5f102e-9532-4e5f-b53e-9432aa2136b0
67,f0b4f421-6bd9-4652-9e85-76f9a9c182be
68,a4e8c81f-1d3c-468f-9948-505d41a77d8b
69,71306244-8bdb-483d-a315-877c891d89c1
70,75ac8e4b-ffce-4747-bbb0-21a8aab917c6
71,17bc8073-87e0-455d-93cf-9824c94b8646
72,333018a2-f2db-43be-b3a3-3ef3294b10d3
73,aa11763c-4e18-4b4c-b4f0-31be52390dc6
74,96620d99-1397-4955-80cf-b6a612d0e9a8
75,4b11a19e-6400-4063-ad66-aae62fcfcbcf
76,4de99b66-79dc-44b2-a2aa-1d5e2a78fbc9
77,720cae5b-9dbc-4b5a-844b-bbadf7a4bd01
78,c517f8aa-97aa-425d-a182-c9f0c7d1c800
79,91577d9e-38e9-4dda-98ff-954158a8d947
80,bfcc8570-0e31-47de-94b1-7bdf15566ade
81,a6eb31a1-abed-4369-bbd1-ee131c1abcfb
82,5649b0c9-edd8-44dd-9cbc-a636d3c44e47
83,634063f6-bf91-41ff-a136-0204715a957b
84,5af4af02-8fe5-4f2b-a675-45b4315c8170
85,c1ad36ce-7c2d-4f22-87c2-5eaaa3e340b4
86,9ec8631a-5e64-4407-9b70-75fdbbd86cd3
87,a7f79ace-a226-4fed-969f-e6efdfc2f372
88,a6f9ace8-c920-40c5-8cb8-f82b9d6fd167
89,671496d5-e94c-4f73-9bfe-6897cf5d59ff
90,b29cbeed-27da-4d96-9d0c-516f50db5ee9
91,956418d9-58ea-467e-961f-7e9276c16171
92,79a15559-5107-48ac-8cd2-7e84c0e68959
93,9f7ba6d6-6249-439e-9999-a27f55db9f05
94,2c4d22d0-1587-41ca-aad4-3668bd3579ef
95,52234139-148c-4da6-aa45-9aebdef2f6e4
96,78f18a06-c3d2-4593-88d0-495026a4316c
97,c3e462d9-006c-4c8f-a2a3-d9598d7af8bd
98,ba2363ee-6a9b-4591-8475-2765a4b2c7ad
99,4fe56f3a-72b4-4a9e-bfa3-c1b11a60bb75
100,b320126c-a819-45b0-943c-21a36e9d6578
101,84e8b567-5cc5-40b3-a6df-f89c47a92cf7
102,4a9612f0-e561-4005-aa8f-468472741335
103,380e5372-3165-4e00-b9f1-b0c086d2f401
104,a0c7e6a1-234e-40da-b48a-77d8e360f726
105,8dd0ae04-865b-481a-b1d8-556a15b35851
106,66b7423b-aa02-42a0-97bc-923cfa29d4e3
107,3aeb6a28-907a-4261-9f2b-7b50785087f5
108,dc3bf702-14a6-47aa-86f8-8e6e2b0cff87
109,f91e5a1d-b150-4db6-934b-c0e97e3ea5ef
110,abe6e050-b6f2-44ee-99b2-43dc5ed8132d
111,c137c5da-6fc1-4cc6-8f30-82b6f49fab79
112,6ee57143-1ebd-4c89-ad44-ddc076d39b29
113,479ae4d3-fe86-430e-9573-551020007ecb
114,d3d20e2e-ecc6-4e7f-87cb-247e47e7bd04
115,6e0cc7af-16ad-4ad9-8825-155d4d2eecc0
116,691be3e6-9b8f-4975-a64e-609d02317d4c
117,aec33a3c-31de-4774-81da-aefa76f4de8c
118,9e105567-01fd-4343-9a83-ebd8e6d7d5fb
119,2acf6c11-6b63-4216-9709-a1b0f428fba1
120,0c1745b3-cea5-4e23-af6c-06bdb57cf308
121,c4d38aa6-faa3-4905-bf80-8404e14d4256
122,784f3d97-6b59-44a6-86b5-01c8ec35708b
123,e075280b-16f4-4d9e-ad37-55ced36a812e
124,b7a624bb-40ad-47e1-ba9b-4d5a9bfdf439
125,af355323-502f-46f0-ab68-f922436f2d29
126,767ee94c-5d55-4148-9c5d-4dfea598ea87
127,3e50ead2-5194-4278-957e-842055dc1652
128,ea9cf066-7997-416b-91e2-dd80bf6aa37d
129,0e40c90e-4811-4e85-8c72-a17d9f539348
130,543e20ad-02d8-4598-95fa-e4cf77b00870
131,ec27c3d7-94f2-4873-9403-c4ce68a283de
132,8de79a07-dad8-4cd4-8d49-bbcd3937e054
133,3823fab6-4810-4643-a067-b0dde12f1610
134,8bfd1d01-219b-4123-b6b8-57bc9f7679fe
135,f22b9771-a494-4ba8-886b-b8bf35e9969e
136,7ce1ab20-dcb6-47a1-9739-cdcd54411f27
137,9e5dff0a-586b-4fc0-891f-9fe8ee4815d2
138,9a0ff613-bd7f-4e15-b45d-f73933381475
139,461742ad-5705-4162-9d17-8e8fcf578e4e
140,1d5d7a9a-4a8e-4af2-ae26-67616889fd2b
141,7f9772d1-e16e-44fc-9a90-0ed864cab429
142,b6f732ad-d79d-4170-bee6-a129eb86a891
143,6fc4416c-27dd-4057-97ba-751f29a42a98
144,5cda122f-e74e-435f-886b-3df33ac215ab
145,c6ab9495-84a8-463f-8986-01ae07084016
146,123c00d4-5857-485c-a89f-d97be3b5968d
147,e9e62ed2-f6cf-4d4a-a9d4-4e38df214a40
148,a2f38750-0082-4275-a6b9-1c27299df6cd
149,f18f12a2-19c0-40c2-8fb5-7e2922cadadf
150,902089ee-ea72-4535-9836-5cdd8cce5e75
151,79876326-47d9-4689-b9dc-7333099e3638
152,fbd9faab-2340-4111-8cf8-3d222be99f09
153,23a8646b-b7d4-46ee-ab52-97ce5fdb0a4b
154,cd4abb2a-fc16-4cb7-a0f9-5086c050aea7
155,e1abccbc-008a-4fa8-9461-4fcb37cf2b90
156,08245b4d-aa19-4982-ab3d-d7161e02aaae
157,7a6bd8fd-4cea-48cc-afc6-d333f6f5e1ba
158,59b08f67-71a9-42ea-9299-8eded8a5e86d
159,2532826a-2e95-42c2-b75f-020201838a0a
160,d1df5701-f4ed-4243-ab5c-94c0ec6bed51
161,f5a44377-b6fc-4512-be32-fafa76418d3a
162,23c0fb7a-c00c-4fd4-b209-7ebc0bd9a646
163,3f9bd935-fdee-427f-8db1-98cf23671048
164,000fc2d9-e1a2-4439-a470-8772582c23e1
165,e764b64a-e12b-4903-9b60-00b78280f9b6
166,237b5fbd-4ff7-45cc-b52f-f16bb02c8f45
167,5799292f-6164-4469-b44e-bf901fcd26c8
168,5f128073-fe64-4dd7-911f-3b8564df4ed3
169,7607d542-2d6c-4d09-aea6-b8f11aded773
170,6e6a5d6b-7fb0-4ff0-afd5-6a961adcf0c3
171,b516dae9-49bc-46db-ab29-1141e2eee68a
172,6133b233-cd7f-4c45-861a-ce90ed9525ec
173,08fb2edb-1d9c-41b9-a1ba-2ced8de14ad5
174,79b08206-ec86-48ba-bf31-af8e1cf36a74
175,4c4ad43c-d185-4fd3-9787-822fb18f7543
176,2622de07-25ad-4755-85e5-9dfb0a7368fe
177,0dbde1ae-b573-4dbe-9f28-771f2fbbe442
178,ed7a1579-9aa9-46d8-8ef5-116bad91f3c4
179,786a10bd-b74b-43cd-8dda-ada751710f29
180,517fa816-7348-47cf-9223-d58d721c9460
181,b6a4b77f-d73f-4e34-99b7-ec5f4a457dba
182,2da9e2bc-73d9-4a71-b874-9521004cc611
183,0c57e98d-2913-4394-a3b9-5cf8737a8dee
184,0ea8d587-5782-48aa-a592-ad011d7890dc
185,6cc8f923-8aa9-420c-b093-662921c4e91e
186,57948aad-a075-4054-9300-e07c0262ee99
187,e506a39a-774f-46ff-a6df-9f421b73e0c1
188,20294b85-29a3-4f2a-90be-a515d9f71301
189,5456f1fd-d081-49ba-9bf0-e2c60f11c07e
190,f0218b37-92fe-46d8-9b4f-f993ab2e6700
191,44ed5d6a-a7a0-45c8-8d61-a7a61618c02d
192,48249da7-750d-45d8-b232-59e4788dd83b
193,7b3d2d82-ee8a-4eeb-b5ab-98cae6b95c80
194,b7c074bd-9003-4451-aa86-eb82dfebebee
195,278b4a47-c4c2-4d0f-a701-9b14ad844c80
196,ce401c19-10f4-46e2-ba77-4a493a51342a
197,f70631e6-6b4f-49de-9709-4abc23233bc5
198,aabceb8a-0c36-46d2-b4aa-8a08104d17e4
199,23d666a7-ff6d-497e-b05e-a3f012d586be
200,e4eb4e3b-a0e1-41d2-b5e5-7453b83e8cce
201,c76c2049-c9e4-47e7-a30c-c88dc0cc5978
202,65b77fd2-3234-40f8-8409-e699765a55c5
203,b5fb39a0-d9c8-4761-9aa6-d577d7882de1
204,0d5a4cfc-4949-41a0-aa46-57a7d343c571
205,99ccc21f-e5d9-402d-b207-4e7fbe5770e2
206,e5b6f3f6-a2aa-4e34-be22-d90d3922d801
207,b2f8033c-3899-47db-814e-ae03a0690e32
208,99880082-144c-4417-90ba-3ceb8b700435
209,929edd1f-8153-4fd3-bc8e-efd8ce4b6061
210,eb89be23-4a50-4d79-ade2-8713c3331c1d
211,6eb1f218-fbfa-4b16-9ccf-f68c0aa0bdea
212,55c213f4-374b-4408-aac3-58c91211f4d9
213,7d737815-551d-4942-a16c-4b9664c329fb
214,2efeea1c-3506-4aba-a937-581bd75dfd88
215,c6e4b373-8cc7-4b2d-ae2f-ef2020d44f2f
216,96004363-6089-489d-b929-1302f5d764a9
217,8341f34f-556d-47b6-a053-914c21c037ca
218,b5548b47-89a0-4891-9239-156a8f342054
219,66044e40-cf92-4bcd-89e1-8bff7e27b2d1
220,ffd3cb2e-992d-4b97-8b65-975f4eb7f630
221,2136b036-c95f-41ad-8066-c65c14cb1837
222,d22b9905-9f15-4b36-be0d-ed614f5be0b9
223,c77aaec3-c0e2-493d-8a0b-4210ec63a01e
224,5df7469b-cded-4eb1-b157-a6f399cbf61f
225,e771d3fa-05b1-47c1-b0fd-29e0028fe8da
226,e2f8f812-70e7-40d0-93c9-270492fc7b1e
227,ee9e7116-1e3a-41c5-b1b1-ec13f1974ac2
228,c344cbf6-96b7-4fdf-b689-d6cfd406a751
229,f3c5ce17-39d1-4568-b295-173eb3c63e58
230,bfec958a-097b-4f90-8cea-716f6a74e5e1
231,7bc4002d-9b1b-49d8-b2b3-cd7df89a867a
232,bed8c99d-8793-4b4b-b6b7-3599d956f011
233,4f8938f2-33bb-4359-bd18-30b610f57556
234,7083d770-23c9-4efc-be05-19e3e4931a2d
235,792422e7-b0af-4443-843e-a2713bdfe659
236,54e80b97-a6c6-4ef5-8f89-72291fa80d60
237,43a5994d-6d68-4c07-acb4-9dee8e771c13
238,345e9e73-48dc-4543-9f37-a1bd5c8918ad
239,2db46f27-f2f4-4d33-86e6-0aa0c1ccb7d1
240,dfa3a1c4-9ae6-4a58-8621-a819267b0fce
241,1a90c2b7-a092-4f70-9669-14d5155298c4
242,ab7cfea9-c259-4244-a428-2521b7b4a61d
243,4b9a4d7d-fb02-442d-9fb3-b664d2693157
244,2ef35300-f670-4088-928a-271a5081901a
245,01e7706c-ad1c-4c75-849e-0489eb50ad95
246,1b221edc-5b83-4ae0-840f-570d8035952b
247,f08f8099-fb1b-4135-a92b-e3a35148ecc0
248,056ae615-eef4-4b6a-8d7d-adb7f8225843
249,3515854c-b00e-4516-8ded-0734f8d0a0d3
250,dcec1845-fb77-4965-a14f-8dfaf6381dc9
251,4ea3d002-1068-447e-955d-1c8e1a7890d1
252,5156bea7-c077-4b33-9d05-4abc9b054441
253,2f6c77e4-f10d-43f1-9e99-2306a38c4661
254,ab761c28-7fb0-4de6-9443-05af5ea8adcb
255,bfac7229-7a94-4845-b366-c6192bf3004a
256,50f6506f-7c31-47a9-8d12-cd324f426726
257,267a4c74-bd63-42de-bd3d-b6d256869c44
258,03a4e750-c8b6-4d07-bf02-44f78ae00bce
259,aab19c22-5e5a-49a4-96c3-4fd75f384ed0
260,506783f2-6d2d-4316-b80b-8e85d1b32865
261,7c12f2ee-c987-4ca1-b5e5-c60a03ca0dee
262,c3529da6-8b8d-426f-ae51-8135e79d183d
263,861afb83-9c91-46fc-9ba6-9f450de1d51b
264,164d091b-dfed-486b-8600-90329494fd99
265,17a0c131-01e8-4c19-87d3-4064fc9ffc1d
266,4dba7064-308f-4e56-8f56-411908855ba3
267,06cedec6-5b9e-488d-bd82-c4b7f5d53d1c
268,70e3e8e7-125c-468c-b28a-fee4bbc60a36
269,a8af728d-e585-462a-a477-9575ca6bf2fd
270,91f3816e-3633-43cd-98af-ea280c57b914
271,9ffac588-c489-47d1-bce1-9c932afc3454
272,b675c013-5abc-4920-b73e-7ce966c535d7
273,8f832c26-38ea-4816-b311-5c377225f4ce
274,b249bc17-1362-4ff2-bc1e-bd1d0b6fbad1
275,c032602c-cafb-4db8-8543-ec199a1aa3b0
276,65d79537-1a52-42ab-ac99-e0a320b759cc
277,fa3c3c01-fafb-4a3b-9825-b92a6bc38631
278,ab5707d3-a839-4204-86f5-2c55b05b9b35
279,c71184cf-a349-47bc-9043-8e4acd5f8737
280,b6e0db5a-9f23-4cda-a102-9c6fab55e763
281,0258eb33-2759-4fb4-a168-dc9a837f7e24
282,a1de4496-8dbf-4f24-9a05-25a03d0aaaec
283,eb2141c3-0e46-4705-8dfc-a4dbed08e7d4
284,04105277-bae8-4c80-9c07-f09f6da4871c
285,5aae8de3-da2f-4059-a9d0-6b7c16d7f262
286,764af997-9723-43ed-b2c0-4529fc15bd89
287,0ce2c4d2-bd63-4e18-8fef-656bd5881652
288,d9e111d0-a28a-4605-aa0e-72ad524f9664
289,73956d73-fc3b-429a-bb72-ddf95dbc3658
290,15b3f4e0-72be-4036-a255-c3e529957276
291,930513ed-9bba-4a33-a8cf-b0ff85129711
292,023e55ef-74ae-4c45-a854-71b182e900e5
293,a3a6c893-35ec-4313-b5bb-21ceb6f6db3c
294,37e872e7-bb1e-4ede-986a-f99ee0097799
295,222dd0d3-8d1e-46ee-a993-7aabda86c29f
296,b225d35c-67cb-40bb-adf8-d05cb23e0bf9
297,34bb2eb4-61b7-44aa-9d0a-361d7e7a9968
298,04ccb60e-5786-42fc-99b6-a7980d01c855
299,17049476-2452-4e03-bfdc-d244be8543b1
300,0e097b00-5190-45a2-9f38-9104fe005d43
301,e2cbcd25-e786-49fd-9c77-f8e4718dd56f
302,1f65d41e-53bf-4afc-9775-4f81aed77aec
303,bdbac2f4-93ea-45ca-a0de-b2bbccd5a704
304,7f2574e7-2a87-4fad-a442-f1fc3642946e
305,d6e1ae50-64d7-4539-97e0-c758d28e493d
306,695dee16-b76c-44f1-83a3-7e83214ba07d
307,e1818189-60c3-4616-9b37-c6d3cf93638b
308,41eef08e-fa1a-49bd-9abe-26907e924f0c
309,a1edc515-25b1-446f-ad52-c2be2c617aa4
310,11695160-48cc-4109-bc10-b851dc39416c
311,76750077-97c6-4f81-9bab-bd9cf396c1d5
312,cce06057-11c8-45bd-8a7f-e35664ed4cde
313,2f4a7045-a377-4cc7-b9e3-45dbae2dbd05
314,5625e057-de71-40b2-9464-a95da928f68c
315,c79b1e45-6551-4e0f-961c-68cf0c68f37b
316,61ab4474-1e27-401b-9253-8aac1cbd2fbe
317,54367642-dd18-484f-afe3-ecf87e0c3a42
318,f3bb387d-794f-44a5-974b-a58be4f6f278
319,4afde7cd-144a-4990-bfbc-9e54cba03d12
320,8ecc85f2-8ebc-4885-b458-f7dc7c713f16
321,a230c791-c36f-4c7f-9351-630d34405220
322,f46727b4-dc29-442d-8d73-bd6b65defa1b
323,c4f7ccb7-7505-4e4b-8d3a-6f7d9925b918
324,6da762fb-6e2b-40e2-8b42-79aaf73f19b7
325,307e0740-7fe4-4022-99f8-14a063bc4fe8
326,4563f769-d5e5-47d6-81d5-f69c5b17e719
327,66d4b93c-41dd-487c-9fbc-7ce95734f6b2
328,f8edf993-2ae2-45d6-971d-fb7f4e844eac
329,2df0b0ca-ca75-4e1d-9dc4-66354e7053f7
330,532de5bf-eee1-483a-8f13-e09673255ff9
331,7ff66bb7-ec21-4fd5-ba51-eb5a38b4ed0d
332,76bb529a-48be-4803-b8e2-4cf28cd06655
333,a92efd0f-4818-4177-80dd-d364157f87e5
334,9622b564-e23e-4b6a-9f0c-07380895d931
335,f65c5c19-2a26-4c14-9673-e0d7dac68cb2
336,284d049e-6ad7-47e8-9521-ea661ec6fcb3
337,a2125e9b-41ac-4e7d-8b55-c1f2236599c7
338,3d839bd3-458f-459d-9aa1-a16cc0a06b09
339,44e7dfb9-e80b-421c-9b8f-685c2b0d6161
340,a3b6039b-58ed-41fd-a0bf-d51f1436af31
341,bf04cdcb-5313-4e13-a57f-c949b9a32756
342,607f4a1b-3876-4a01-bd32-e876b2d856e2
343,df98b59c-a0a3-43e8-aeeb-efddba9e62a5
344,acba5527-7581-412e-a7bf-533a0ad3072d
345,ed9a62f8-9e2e-40ad-b6b9-52042dd75155
346,1a54a184-548c-45cb-9ecb-6a47d6e746e6
347,33957eb9-dbd0-485e-823f-58a213b87d61
348,6b791726-a5e5-4fbc-8cb1-a7b291fb187c
349,f7220206-144e-456a-9e76-d8d5fef20795
350,7c89f81a-01a6-4ae8-8fe8-63cbbb470424
351,72f8f108-4ec1-45fa-80f0-f66c24d5a19e
352,5cc16916-96df-418c-a1e1-286d336a86a6
353,c32a98c7-fa55-4446-a8f1-130edab99142
354,c9899878-fbbc-480c-9bf7-40de5b7e68c6
355,24a6f8aa-d18e-4a3d-88a7-4924964db765
356,e9e1f5cb-b608-4701-b761-39c9047dfd19
357,1e4e897d-19bb-45b9-bc60-0716e3a2e0bb
358,ce52375b-0891-4d91-9251-9d679779f0d1
359,89dc15a6-ab98-4ffd-9857-f6917b0fc76f
360,33cf2e86-8197-4782-b2c4-51f9fbb4959f
361,b4c93708-72b1-4fa6-9795-739b0184e29f
362,d22a475b-d48a-4ea4-b113-07ef40f7a30f
363,598c464c-146a-4ec7-b341-c8e1355574c9
364,162a37c2-3bdf-4680-a861-86ad37c6003f
365,1ed2aab2-ad98-4335-a97b-f184d165ff23
366,5611102c-c13e-4277-a22f-ef60a643511e
367,8bedcc75-e182-4e92-80e1-a75d5450e916
368,ec371c5b-1812-4ae5-9a9a-b1e9207bcc14
369,ef380ae9-7565-4d75-93f4-5b74cf50a2ad
370,022e2f11-0acb-41af-9ff2-f6a099cbc6cf
371,f475bee1-aa26-44f2-a79e-737b80b5f668
372,78d6cd25-fd46-464f-9223-4b4b9ecdbfd5
373,9365a062-b76d-4145-ae35-1687a335e7b7
374,699a20fa-fa66-4604-9161-f2d916c41ace
375,6c773234-57c9-4ea1-b467-d7f2afa9b8d0
376,360d2cf9-e639-431c-9bf5-a8dff46c464c
377,1b01914b-bff9-4052-86d1-d74db36b6b94
378,365f5436-fb5e-4494-a045-80d0f7d83e1f
379,629edffb-820c-4638-8b3c-73c8c10713b0
380,fc1c253c-f125-47e9-b88f-4436a07b7770
381,2d1a8cfd-43d3-4894-8777-c75251daaa1b
382,2f7a02dc-4a91-40a4-bca9-4f479292d7a0
383,a46c2c5a-bf7a-4903-aa71-2cc8682e024c
384,38f72e48-816e-47b1-90dc-bc30ae52fbe1
385,669ee901-30bf-40a0-bbf1-3e39dc03047a
386,ceb690ab-5f42-478e-88bf-bb0980d64928
387,95d931d1-3d4d-4f9b-a0b5-f8a79333c650
388,acc24157-4096-4d85-9473-9dc0c29ae23d
389,17430664-c8ba-4013-aaf2-fb2d48e79e48
390,db0768a9-2c3b-47b9-904b-3789ba21a7c4
391,44b9f81f-ca9b-43d3-89af-92e6943d8c66
392,79a3ae39-2c6c-4b33-8e72-b357a4a7f678
393,75a242d1-dc89-4d7d-a1e4-6c2e3a253e88
394,9b9b6104-541d-40c7-b3d3-441511efb03d
395,3ded673b-4580-4a45-a5fb-55330423d008
396,ed3721ce-c20a-456f-89c9-e9b47562e179
397,003efb60-bafd-4bfb-b982-a0225527a9e7
398,1216a2f0-fc6a-49f8-b614-95edc523c166
399,1318c376-0874-464e-8e60-4a30536fd27a
400,d833007e-e708-47e5-a2a2-9a177320046d
401,16ecdb7c-689b-4398-9bad-48beb1a5462d
402,ba7ae81a-e15d-49c7-bfa8-4f58367136cc
403,3c4dac29-7a99-4bc1-9839-2d4fd5ddd6c3
404,d356a0a5-4ffc-413d-8e09-dea9bc0b768e
405,380b7c6d-01a9-444c-9daa-a5dc9c1028cc
406,9ddf2895-4f00-4f6b-ae38-c22da294714f
407,ed7a8a41-9406-4b5a-90d5-ea97bc2063c8
408,f4298c91-bf60-457a-b22b-5fbb703878ef
409,3a3bb157-a45c-4d69-9fee-f486d624ffe8
410,96473c12-6598-4461-a1e2-c5ae0854de20
411,fd4825ac-2f8b-490d-b89c-182e91b8a94d
412,21731bf1-86e1-41ad-80f5-e88d4e0d8561
413,7feaa523-ceac-42d2-ab72-fb1d8fc185b3
414,50290053-5cd1-4b97-855a-b1eaecf14089
415,f6bd91da-5434-4cb5-a8d2-9159c730bf24
416,a2e9696f-8e6f-4381-aacb-8256433f2647
417,23ad9392-2f1d-48d8-9bfc-e80632ac95cb
418,5ed503b7-3c42-41c0-babb-fc27041bd5d4
419,92c2ffca-0bd9-44e4-9190-8ca938c32895
420,5cee81f0-8861-489d-a9e2-5b471432904b
421,d54c14f9-f120-4ce7-bc0a-d109f9aa9991
422,3f921524-e109-4140-a330-586d2c664d5b
423,cb870cb4-9fed-4888-891d-a15059721acf
424,3dabec24-6730-4aa2-b8a0-bdfd5f6b646e
425,b1e6621a-d71e-460e-8c7c-cbcd3897a12c
426,ef9d2b6d-45fe-4c71-8298-aaa7539a7594
427,7ec9df38-34ee-4020-b2a1-5c8635b1ee97
428,9223dee2-7144-4e41-8a9c-f16b180299a6
429,9761c9ca-ea3e-4949-af97-03fab17b8199
430,c45d8f55-c01e-486f-bebd-5c85dc642aaf
431,834031c7-d55e-4563-8334-1577b6587562
432,4de59d49-8bb1-43ec-9dd5-cc943cf51fb6
433,3c0ea41b-0dd8-419d-8576-27d9fd6cb434
434,a16e9cb4-37e6-4849-9033-fe7b701f9b2d
435,1b9789ff-f0cb-40cb-a547-2546a97ab245
436,ff11d2d4-fd90-4eff-8336-ef5c0ddda6d6
437,6b5cc839-b393-41da-ba3a-a44b00c2e2a0
438,72810571-1860-413d-b97d-b12689211f46
439,d8b6c30f-225a-4178-a9ac-a102ca199b89
440,08c12971-e4c1-4ac4-8d6b-d0b00b8ad622
441,a2b60930-2213-444e-94bf-6bf5f9319dff
442,f4b57688-33e5-4afe-8d3c-1450a6f1bfda
443,a7807e64-3ba6-4708-a465-a5f22a07c6b9
444,119fc86f-c057-43e6-bd63-53641e4fa3b8
445,c7ad92bf-fc8a-45f4-9f4a-f8680dee63f9
446,52dc25cf-fdd0-4e12-988c-160314fe8208
447,3fbb58c5-f658-49c4-a2d7-dc89dea7a69e
448,400e7259-81a5-4069-908a-cc527dbe2bd0
449,65faa782-e4fb-4e2c-929d-17be2ea5a0d2
450,64279418-1f01-4b25-bd80-4870b84ce0fb
451,ed93fc15-c345-4918-b7c5-cf489d726c92
452,f509b3e8-e58b-488d-90c7-6879446284b7
453,718d1296-2e88-4693-9e00-7a9242a0607e
454,221d08ee-a19d-4ccb-989e-7a9289a5aa37
455,60b26e88-4c39-4c43-aff4-d464784a824f
456,9a56c3d5-03de-4a9c-88bc-0de9ec1f674d
457,893dda2c-eade-48a1-8509-fde2852ed723
458,27ee4c0e-95c8-4cf1-8485-67fee15029df
459,f2b2bac5-26f9-4140-8b36-3191374043f3
460,1b911990-bf23-4c79-8d2b-bd8ac938ba39
461,b963a67f-6246-4da9-81e0-26fbd07a0de5
462,14ef3fea-2b68-49a6-8abd-ee15e568a172
463,489631a6-d5b1-4a67-bb57-11beb42d9d43
464,3386708e-5e5b-4378-9f1a-417f27a9a380
465,2682b803-41e6-489f-8cb4-3d5acfa208ae
466,f33e4005-08d7-4bd5-98b3-6de6b96949c3
467,134c707b-afd5-4a88-aa80-9b8b1d6a8117
468,177659f7-5f23-49ba-96f2-33e3243196cc
469,18f55ded-df9f-49e9-83c0-65e3691ceac7
470,fe4b3537-a543-4d9e-be5b-b58451d3dea5
471,81269e79-c26a-4417-a0db-d281b91606c1
472,a5a6637b-410f-418c-8cba-2bcb18ac9a33
473,cbe3144c-5382-4474-a74b-16748bd141f5
474,4a7d278f-cae8-415c-b04d-ca74e3553183
475,211f2dde-74e1-403b-9577-11392231e51c
476,3752ba45-9167-489b-ad9c-91e4e93552fd
477,3069fc87-023d-4c02-9044-1de1c78bc0ff
478,63a562cf-9d0f-4002-adba-2ea6df3925b5
479,b88a7b12-da46-4ade-9bcd-431987ad64e7
480,387f2c19-722c-4b82-bbd3-a96d2beca426
481,ab9755c4-b30d-44d4-92a0-d43f5756edb0
482,9ebf807a-5fbc-4a4c-a116-912a9610cc3e
483,a1e74e46-4060-49f8-a77e-da1837758ca0
484,56eb882a-9d75-4e56-8804-08e1f8b170eb
485,25405dd7-bd68-42dc-85c8-bcc92ff0ae6e
486,9eacc0a5-c433-4a9f-91e8-f72122d3ac05
487,f926cf7d-1f12-4ec3-bbfd-2797374a75ed
488,08eeb419-cb27-4f20-8982-4bf76296c6c4
489,23be9173-3754-4d7a-a68f-5a97dd5e05d1
490,5ed0e4d1-8291-4c9a-b885-6e06a89e6e19
491,c3e41d3e-9283-4196-977c-703a33fb053e
492,50576f0c-217a-425f-8b50-70e6eb493f09
493,bc478cb3-5dc8-4baf-8a04-ed8d4aabb8c8
494,5d0cc65a-5d2f-4553-b3b0-0898b3e8b226
495,892d5504-91f4-48e8-a66f-a504dc1116ba
496,1cf09fc5-975f-4b29-97a3-c7b85815be1f
497,c637ca45-7c64-4cdf-b586-dc9b0b8a1306
498,01f21e87-0156-480d-8234-b6cce1dd7224
499,414019f6-73b2-4b03-8022-19719aeb1baa
500,26e2ce90-c863-40b6-a43c-a97e0974ea69
501,2081a923-19c8-4883-9f22-1331a609a530
502,6f88ac52-b8f6-4ffa-9501-3eee934cbf51
503,ed081e52-396e-4eee-a4a5-3ae052ebcfc2
504,11507731-9542-426b-93c0-a1369bfbded8
505,4420882d-24eb-43d8-88ab-cd407a0146de
506,01f4a3b8-169d-4d91-bb52-2f03855a19fc
507,24c60acc-6521-4282-b818-07196b884855
508,415bea47-e941-4bb9-bac2-8033cc651432
509,3ff273d4-969c-4561-a8f2-980f813a164d
510,36529a09-9856-4929-abb0-ca2cc3098b48
511,795a9b17-6205-42c6-88a0-5417101e33b4
512,2402e6f6-0271-449e-9730-813fcb00f853
513,ca7897ab-e93d-4d73-88de-c2c464a9042d
514,01644bac-5f29-48c1-9018-0a8003dafc7a
515,56f59a98-4cea-4856-99b2-d10377e0fdc0
516,5556fa60-dbe6-45ba-87a6-1337f87a09ed
517,3ea689e2-0c1a-460e-8862-831c0c67527d
518,cb834ac2-c97b-4983-9cac-19b45882be48
519,c4b85f5e-849f-4bcf-b368-bfc79da6b6ab
520,fa49e4df-7695-4633-8e2d-3d8e7b17d241
521,e8193241-a790-417e-8a5b-5ec0f194e8ac
522,8e1d8faa-4e92-4ee1-9528-e70c10f8b2b0
523,ce0a0ef6-18a1-4206-bd3b-1f93b5ebfac7
524,80926fca-3097-4736-95e8-be4f7d8007ea
525,e9250b38-1e36-409c-81d5-968f9be53af5
526,45603fb2-142c-488a-85e6-44bafc099862
527,ae6a49eb-8ddc-43bc-98c8-3229ac3f838b
528,d64e9b0d-3727-479a-a0b3-c3a7b5d9412b
529,fdb095a3-18f4-4bf9-be35-6ec3b1419f42
530,e958857a-7a1e-43f6-8f03-b588a6fd57e5
531,fae14270-4996-4391-9ba6-714181195626
532,d330345b-a236-4a49-a644-c634281d1377
533,1aa2644b-2269-49a0-a40c-3f2c6000bd7c
534,c2c4fbe8-0423-4041-bd0a-7716307abed6
535,e44a0b14-683c-4e78-8b2d-bbaca5cd2b25
536,2737d457-5164-4915-98ce-b34e1d6c3fc6
537,2cd6b228-657f-4da5-9beb-6ca444024ed0
538,63bd7eae-bae3-4c6b-a9aa-77fd67d1ddad
539,7d532384-2fb6-417b-9d28-19f11f15ab4a
540,d66d1449-a8fe-4a8a-aa03-6588bd1feac4
541,8bdaf251-7bd7-4626-9c14-6fe15045928d
542,d20e1222-a6fe-4dfc-a6be-8b856c12964a
543,3bf07672-4225-4b6d-b77f-e5aa18306754
544,2930dfa9-04b4-4735-bf5c-f4538c4fc9c1
545,90723b1f-b432-4662-b3f9-8425c931c31a
546,efa75d55-49cf-49c0-b059-d39108b67eff
547,00825731-1130-4ad6-b9a3-21092abfdbbf
548,4112216f-9791-4eff-a83d-a607a84d8827
549,a81d12db-6b7f-474c-ab01-7d30f71dd4d3
550,2c6951bd-4527-4bb8-afd4-940878841e63
551,20de56f2-7875-467b-9fb9-04b36e38065f
552,78b86967-78c9-46e9-95a9-63a22ecb83a6
553,fac1b892-9a43-4eab-97b5-480877f55fbb
554,d73f10bf-e69a-490f-9d8e-b4c5749f70a2
555,f67af8a6-42f8-4180-b0c5-cbcb086a0248
556,8d1ca7d4-2d0b-4a7c-9afd-0e527e108d11
557,2b969903-e0b7-4eae-8989-a29f70f9b58f
558,fc23ebdf-ff46-4251-b796-30b38bad0bcd
559,8afb5c3d-5833-4325-8d32-cf378a4366e7
560,7e39ee44-6811-4d95-a278-bb1ceaff4f6c
561,ad5cfc6e-eb10-4979-8d33-cec5c1ab163e
562,2a768b5b-2ec5-45c0-845d-e6992f935c4f
563,ee88f7cb-833e-4029-b83f-09f204f2df24
564,7555b4b4-2fb9-4bc0-a021-ac46fb2423dd
565,791f6928-d71c-4ba2-a676-ed8efd094693
566,4cfabc81-cb0d-4092-844e-7d1d3243f875
567,4ef868c6-bedd-4e80-9975-22921c1dc86f
568,80a2ab92-2cf5-4c89-bc07-8f4ba27a68f9
569,98a8367e-de7b-465b-bdf3-a5c53d224398
570,e5207283-d355-4cff-8868-8d7944fe424a
571,b54b5b05-4163-4db1-9720-0db06639e1bf
572,e2f2e4c5-3123-4c6b-8f5b-43e2a5154b21
573,b74cf1f9-3787-402b-8a9c-8469456dde1d
574,6f1e0cb9-8627-4ca0-889b-5a83577dbbb0
575,f778af49-b669-4daf-a65f-842442e1511f
576,c80bfeb1-10e4-4ab4-8fef-8c22de9e4ac5
577,f3ae80b5-11b5-498a-924b-4b735db2ff73
578,b9c518b7-8ac4-41ac-bd38-db68a97b203c
579,40a46016-829f-4dc8-b830-bc673aa8cc05
580,e1e03ea1-a025-4157-bb56-2c77fb6eaba8
581,97e39efd-069a-4419-9e4a-5b7d26abe9a9
582,6fa6cba7-708b-4849-a5ad-b397086c239b
583,76de2010-7e37-45d2-ae26-2cf677c63014
584,38147759-cdf6-40f1-9663-79bea7c09b0c
585,cf515d1f-c3f9-405f-a617-120cfc0a43a4
586,13c1a870-8a35-4dff-bca1-33d02aea771b
587,ce808dc8-2910-40a0-b7c2-bfee5044849f
588,d80c3287-cfbf-4c53-a02f-3e2384becbc3
589,e000bf89-eb77-4e79-bb89-221016d739eb
590,418b837d-1191-4a69-8f25-21be5b7941d2
591,2ad02fdb-4224-4bab-ac4d-3407eb80efad
592,5b669639-3f3e-47d3-9a81-89b82a5c72a1
593,2d833378-703f-4d66-9ba6-dbcec2e0a946
594,0c4fc082-fc59-411e-8574-b779176b99ab
595,04335815-0c42-4297-ade4-b7f8864f6c46
596,f08c286c-872d-45f4-aa40-6d3895068986
597,18dfa3e0-d08c-43d3-ba0e-92848be6d383
598,a13c54cd-71b9-4cb5-a725-4ba4d24b79a9
599,f2408580-da72-4b3b-95bf-31a79ddd7ec4
600,3ff27144-2e66-4165-b11c-5380fb3f6e63
601,0b838fe9-7ed0-406a-9237-6bb65fd7e540
602,b7193e4d-1372-4b19-abce-552be4ec144c
603,c8425c62-40ae-4416-b439-f1912f861a63
604,e682e53e-eccd-40e0-ba15-b282c991ce40
605,170eefe4-7ab2-426d-8d3e-62800a52c397
606,10be39cd-4982-4e38-9822-fc9ced3d5458
607,826488a0-b51c-4b1a-b21a-dd1663ea6dbc
608,e199e50f-a1e4-4886-b5c1-2938d81dd010
609,7f7f0334-6bcb-41cf-8ad9-ace12d28316f
610,0981fa58-5760-4e9a-8901-455ddd57edc7
611,af251849-b238-4e1c-84c7-4bc634a0b6e2
612,980435a5-c327-48f0-a5ca-87322ea1edc5
613,0f362983-5c94-4725-85ec-f71e8501f471
614,9b2a5d8c-e2fd-4afc-b01d-a284c0c9a7e1
615,3b35e796-4b8b-478e-b667-1964933baaeb
616,2bc75c5e-5435-41ca-bff9-56266b46a68d
617,baa30be2-60df-437e-978c-601db9381cd8
618,b82d3e35-881c-42e3-b3aa-bfd822e50d17
619,a5be6a7a-5c57-49a3-8025-b01b02aa1b3a
620,49e48be8-1089-41be-817e-b7377f120103
621,24e1f77e-9d20-4976-bd72-dd2bf2d943c3
622,b3b49088-deab-41da-834d-360e47c747c1
623,122542ac-74d9-41df-8098-4eb4ad572c51
624,83110ea0-fb2f-43d6-aa71-5c85571645af
625,5f1bc056-f960-4cf1-8218-eb662ef124f7
626,896e5023-0c3c-40a0-a1e0-7e05b6c19dde
627,ec637f5a-b924-4d48-9afa-90c53a1640c1
628,1fdd906b-77ea-4039-8045-029e272a8dc3
629,846625fc-14f9-4552-a539-086a77587aef
630,60f1d8aa-6938-48dc-835f-8d87887b0a06
631,4febb0dc-13fa-4948-b737-8b09ffb02301
632,e5e06c0e-3650-45fb-9741-d75cf9955a65
633,4eacf622-173d-43ad-9e22-4b197281917a
634,7dca359b-4b2e-4aff-ae30-0ed113ccb637
635,72500ddd-1a13-43d0-8309-3a9975c6867f
636,c83d173d-e18f-4e7d-bf0b-492aec92d803
637,1f33eb6a-f575-43c8-8ac1-d5a50854bf6d
638,b6dae99a-bd34-490c-8489-8948d1d6519f
639,0c47ad54-e9b8-4b19-890e-82412fb50869
640,2bc9f7f3-d44e-4153-b195-5a25a9d29f3d
641,9e7f7a79-db4c-4b03-88eb-c599cd3fc21d
642,6bd920c7-2f5c-46e7-9842-b2ea6aab1975
643,ba61545d-d679-45db-969b-20a25f105654
644,07ce3b93-c822-43d0-8dad-335b85fcee42
645,540b993c-482a-4dfc-b081-896cca4ddd12
646,e36476a5-b31c-4bfc-a063-1b348fe650f5
647,4c0be7b9-a589-4b8f-8b74-36b8f33e951e
648,0d61822e-242c-4dfe-82de-7ce6965dfcd4
649,6d8a086e-e4f5-49a5-b2cb-3a12b7127e81
650,cf06951d-712c-4ac2-8018-a00b18255cb7
651,f79bf759-a0a6-4793-ae41-3ae18abcc6c6
652,a0f3c844-a3bf-4655-89bb-d3dddf30f662
653,fb9c3587-1741-4ee2-a1fd-887d797a6944
654,586dccac-b11d-4009-998d-bb094550d2ca
655,222706d6-dd43-43be-87f7-3d8f1a70ac56
656,e02aaf46-eda4-47d2-adba-a611f03ac865
657,2de6ea9a-605a-4f19-8ac9-50f06114ac9b
658,1605a2c1-e69e-4139-a02c-388b03447c73
659,d6ecba92-e1e6-448c-bbbe-1e53428a3468
660,f8cb97e1-1950-4355-bcdc-ba8286fb95a2
661,271a41b2-e1ad-489e-b920-f76484f1bc32
662,22211cb3-76ea-454d-95bb-27a53ff99e07
663,54cb7658-1ea4-4e9e-905e-24d434447584
664,556b91a8-970a-4839-88b8-cc993666a306
665,2351b17b-fd96-4b0b-a3d2-e4f9bdf61e0e
666,40ee9906-5b76-4a58-b1b6-f38ce1cba699
667,80fdb67f-07f2-4470-8c19-73b89cc70dc4
668,0ea87746-fec1-46d9-90ee-56548bb5abbc
669,d86b3733-21a5-41d0-ba09-910ac4adfc11
670,c927505f-22f0-4246-8876-fefd8aaf8376
671,0c8df7ae-42cf-424f-b351-223b4c531d16
672,5e642e71-99d3-4509-935a-ee2cedd8dc11
673,e35d1fb5-1916-48da-870a-842bcf423697
674,a1aca26c-c4be-4419-9cdf-e52bba3173c0
675,a52d41b3-5290-4780-b72c-2f88b85c8644
676,f4ab39d8-ff77-4eee-acfe-58cb860d494a
677,2446b3a0-e930-454a-aec0-5671ac1ddc19
678,d8cf443b-306d-498f-835d-5b47d3a164a0
679,8ac64d02-a8d8-4315-8f10-0c4f4f2034e5
680,ee2593f2-532d-44ad-87d7-851d26b585d2
681,32db1447-612a-48c3-8068-f9452a8443d0
682,ed1e3822-0f26-4cf3-880d-05fca45f0ebd
683,06688c87-ce29-4d52-9cf9-10ddf000d6ee
684,daba73c5-cedb-414c-a513-1ed2763d85e1
685,ddf84314-2bad-446b-9185-58306b85bf63
686,9e01cf5a-22ad-4f56-bdf4-0624aee2432c
687,75e5379b-ce45-4a25-9217-ffe2b57203b3
688,773e15d5-1e0d-4d57-8aaa-fe28b13187d0
689,2c9dcffe-136b-4e59-9ecb-0ccbfcaf1c0e
690,9ec0ce39-42fc-4290-be2b-2278de60f9f2
691,8ee3e556-aacc-4469-8b63-24837868fc56
692,29caad12-649d-484c-8434-fab03687005d
693,6bd2471c-25df-4b08-b5a6-469d6215b1c3
694,4908ece6-6f70-4fad-8c28-6174aafcfe84
695,788433eb-5102-4a0b-b7e9-164663aaaa6c
696,ee7a95bd-5b39-4978-a765-cf0827a72684
697,e1dfc4b1-6bc2-41a4-8635-22e3c1f4f526
698,63903237-319f-437e-a1d9-7f488f46dcaa
699,2642774a-347a-4888-8936-2ce1ce47ed1e
700,0929b63a-fd78-4178-9c7a-aa3156b6e370
701,72dfa440-b078-4cd6-8fc5-d0b5165d43c5
702,da02d325-f4ba-41d8-ae3a-ff3a0805a7d3
703,e1801576-38f6-431b-8f29-d1b0dcd35658
704,9d2f6ad4-3691-4c22-b60b-0d19ab0fe4c4
705,b10d0b97-1a48-44dc-bcf7-93fe028b0b65
706,5e307641-29d8-4446-96cf-2297299f3bb4
707,af12f6c8-f8e3-49f7-bda6-3fe8bf9b1ea2
708,936185e1-2e3d-41b4-aa93-a8f2ba7df73d
709,fe2f2e56-02a8-4b2a-9200-d18f362cc7f7
710,794dec2a-0be9-4be0-a1ce-fc195ccd4b9b
711,89176f08-959d-47fb-bc87-c4898e901016
712,86b3c96b-afa1-4b08-9d6e-d3b677b3f516
713,0eeb50ab-a313-4e21-9f6a-7a363b566603
714,f065c7b1-a0dc-411a-9a0c-060843f09377
715,b6fb61a8-c214-4a50-b808-f00966aad9ff
716,c596cf8d-61fe-40e0-aa6c-cffb818c9dc1
717,59de88be-b287-4417-b7c8-a155027194b9
718,49fc142f-a1f7-41dd-9a98-9af04929d2f9
719,57ee2d67-2a40-403e-a607-7d11a530de80
720,f1407577-dc4b-4665-8ac7-9810e97c2f3f
721,9c30b933-a035-4afb-8a70-d93326b8a8fc
722,83407af5-9a72-499a-bf41-d5e4f56d945e
723,dda3d09e-430b-4dbc-9bc3-efffb5fb829a
724,0956cfa1-a2a8-4805-be84-d2745e00e5ae
725,8649fbd1-59fa-45fa-b77a-e066a2a0abc7
726,aa01caea-b575-4b8b-a00b-d597169a2410
727,d65141f6-b599-4710-9f1c-2bd82a59e42c
728,2ae711fe-e98e-4928-addb-d7121f34a767
729,019a2333-8992-45a6-88a9-d76c7256184c
730,f821eca4-1034-4ab4-9e90-48509872d4f3
731,cc8b479d-95b5-4978-b380-ed1dab7cf4eb
732,e77cd01e-89fe-4692-81e1-385cd63d8fac
733,eb99da14-8aa6-42bb-834e-ded9aceb685b
734,5c652c72-a88e-4db2-b3b9-bcd31db6cb6b
735,c9d4dde7-c9e0-4727-bae1-8673aa0e2dca
736,f318492d-76fa-4e9b-9db8-6946d2a3aaec
737,c65ad0d1-1518-4074-9712-935ea09e508a
738,321d58b8-0a84-4f15-b977-aa886779a207
739,bbfaab3a-2b97-4cc1-aef2-b7e4be66040e
740,5959b638-2e7a-4619-aa9e-bfcf8da688ef
741,2e040815-5db6-4738-a4b0-8a11e9aa07c5
742,91bd9d0d-2c02-4bf4-aebb-4037aef21b97
743,c129616b-5540-41b1-9802-18ffa2cb231b
744,0378f5d5-2bae-4451-972f-e2a5ffa2dec1
745,d4b225eb-c4a6-4ea2-86db-655e3336ac97
746,836279a8-d58e-4dbe-a989-d00cf64f5f08
747,ab8db4a1-079f-458c-a956-6aab2e41d007
748,a91ae765-fd03-453c-ae82-199bd636a6f0
749,55fb3244-3da5-43b4-aec4-121cca7bcfc3
750,72ca976e-8e75-4808-9962-ee96b13b4cf9
751,3ab77879-a72b-4c12-8528-5564b723db47
752,8dfb5aae-6b8a-447b-a0a5-3db48ed241f0
753,511acf72-f828-4298-bac1-4b8f301c6353
754,ce9b672f-8a7a-4054-8377-8b04d328e744
755,e28e327e-c699-4160-8f6b-c92ef75e24c6
756,763f8ce6-595a-4767-a891-b216e5490164
757,648ac6eb-c31d-4e75-b091-203cacc1482f
758,25f56f16-0379-4bff-a15e-a94dbc416559
759,7e903977-745a-42df-b120-18ed139820ad
760,138b3bdf-712c-4bf0-a67a-24615e49fc1d
761,057cb16c-ea0a-4f49-8095-dd8de34b2227
762,0ce8db63-cabb-4cc5-b936-5d1138089a6b
763,d9406d8f-84d0-4f5d-8029-7942cb5ab6de
764,aef69ab0-6406-45e2-aa9e-3619dc7e9cf0
765,ce2ce5d4-8d7e-4715-9ab3-07612d793d6f
766,7dca359b-4b2e-4aff-ae30-0ed113ccb637
767,a560a5fe-af84-4126-bb05-995487eb10df
768,5212cd0d-fe82-41ed-be35-3da213e7ea16
769,cb4289cd-50b2-4407-baba-424c91219f1a
770,92532044-86ad-41f4-b5c9-021dbc17fdcc
771,da083274-a2f4-45ed-9cb0-bd42baa4b809
772,1b3ed2ff-4869-4b75-854d-e759db05b200
773,12582cf2-edfe-4935-9815-bcfcbbf60e37
774,bc32cc04-da74-42d7-8943-8ebdaeb8b321
775,6a383a36-dbd4-4387-9ab9-21de7c183ab1
776,7b32e984-9270-48f6-be97-5e047b759e7b
777,8c870f51-8446-4ef0-800c-d2f0e094845b
778,985239c3-7adb-4ef7-8913-781dc3af11b1
779,abe9b4e5-d26a-44a7-afa0-0e1ea3139c3e
780,97e76426-d354-4c4c-8467-0f90c9f3ef28
781,0eeb28da-fea6-4395-818a-51a96aa12a3e
782,87416b0a-dbe7-46b1-b5e5-94be9b2f68dc
783,d7e57633-9f17-45b6-9593-4ad913756014
784,77875087-1d76-45c7-b136-c320fee947d2
785,6c572cba-be74-4be9-adf7-ba3fa20d6210
786,281b765d-0911-41d5-9f11-ffad7c0ab177
787,58723040-558c-4c4b-81d1-9a47b986b47e
788,f5ce47a4-30ea-4e9d-9c9b-43c18f0e0544
789,6b2f75b3-3cd4-452e-a34f-39eb1b5600ac
790,7fbc03c0-10dc-4993-9535-527f76658d3d
791,364e8335-2f0c-460d-9bf5-7c6d93eb7d6c
792,7520f53f-af1e-42f6-a4f8-ce3d7cc0d590
793,899e9236-36f8-45d4-9b55-e5fa3d605ee3
794,a251cdaa-6f13-4b9a-b95a-280eb0ea63f6
795,723a0829-55f7-4f1e-b442-1cf055f886b7
796,04288358-40e0-48cf-b7a1-115a9151e600
797,5058d909-87ae-4df5-91af-3af12393281d
798,7a6542ed-d130-47fd-a6aa-a947afbdaa9e
799,5460a994-db90-477a-8ebb-27513ad0e473
800,165dc9f7-0304-4004-a7c8-3789d8b52658
801,8b53bbf8-864a-4ae7-a857-9c0704daa3c2
802,d5b115aa-c77d-451b-b692-e6e478e6848c
803,f0bf00b5-9d46-429f-af06-cbfc786bd21a
804,86da1703-78eb-4eba-869f-96a7d720f192
805,d4de1024-7b97-4a42-92b3-7e0e8504bb60
806,fbdf6f17-6065-46a3-aaf1-a7ab9a0c798d
807,dd6c06fa-4941-412b-95f3-bb1cd075ba7e
808,8bf3f7b7-a749-461d-b27c-1eb024cbc9d4
809,23130b9c-b642-4be7-852e-d657e2fb4300
810,3da82177-0b25-4f48-945d-85574742081e
811,00d7a2d7-9c31-43b5-9fdf-fc273c7a3594
812,f2a02c2b-6905-4c74-99e8-e3c8b059e701
813,11e9fe3d-d18a-42ab-9bcd-820639527775
814,2fe74b69-bd3e-48ec-bcb5-71a5af88081d
815,661210f8-ea89-434d-bf54-31e36c61c0ee
816,f9d56d08-b68f-4cf4-a8a3-6e7800faa870
817,90549ff1-28f3-4d3a-a697-58c8132ce471
818,faf5ddd2-bd44-445f-aeb7-1c260415a46e
819,1609c043-73c5-40c3-bc2a-7eaab359f530
820,76105bd4-cddb-4102-b9f7-9d260e220f34
821,bf1f3568-f5b9-45bc-a00d-8e28bc9ef1af
822,13608fcc-69fe-41ec-88bb-ebf77063baba
823,1808905b-a22e-458a-bbff-6c03ba2fde68
824,1d17e537-7aee-4883-bf6a-2686597b91fb
825,a1303e0f-1b46-4810-a107-3eb4acbe29da
826,3331f131-4740-415b-83e2-d9754879dd54
827,028a7e50-f23a-4da3-83bd-036d87914b32
828,bf490262-214e-4961-a875-9ed47239d122
829,42f379cb-6468-494b-a13b-3a156e6e9ec1
830,21875bab-27a3-4ef0-b855-9ed70eb46dcb
831,a9a24ed7-3f2b-4d9a-8145-a109029bb426
832,6cb63236-df7e-48a0-b076-05c15c638cd3
833,6f5391e3-6f14-4485-be1b-ce1399c8f5f8
834,beeeaa13-c493-402c-8f4b-fc8c1550c85c
835,9f240380-acd2-4f3f-af90-458bc1ef1156
836,6ca58767-851b-409e-997f-f9dc9f1086ea
837,0c062c03-718f-4428-bff6-fde130fca9f0
838,078ee8e2-9211-435a-b01d-d22e40dd63b7
839,f0bd6c64-7795-410d-81aa-480715d9edeb
840,a03c6634-a1a6-4065-b332-e390597de8d4
841,210fc484-2a4e-4474-a4d1-40b536d9adc7
842,8652b5e1-61a5-4ee6-a473-44bccbc6641e
843,f289b6f5-128e-4cae-833f-2d845a9b1b83
844,d6a8ebe7-6996-4119-8d1d-1b6315ac336a
845,848579a4-3e3a-4e8c-8b94-642ee0a65499
846,c97e8c09-8d0b-41f3-b5fc-dc004870c5e6
847,ae7d7967-6bad-4e55-b260-581cd6046731
848,d2ab7eba-ca20-41ac-99ea-6e0c516ed6d2
849,bb32e894-c6f9-4e9b-b708-342cf4383736
850,628e8183-388f-4869-8f87-e8073a7dfc3c
851,3f5cbb8a-fd40-4090-bfc5-e527bf075687
852,45df9936-45f8-4924-9990-f6535c6986b7
853,af3c542e-b0a0-4c33-babc-5bd22c4dbfae
854,f65d8cdf-81c1-4702-90d4-697d662cd9df
855,c518ecc4-4da9-4de4-997b-4868f9cfd6f2
856,f2b97f96-5082-4ff5-864b-9c0f6baee774
857,ade8b9dd-e097-4811-a326-51442aa18850
858,2c675937-1cdb-4ff4-a496-95ad8762c43d
859,1e59bec0-a1cd-40a8-8b56-99219d0bdeb1
860,2e43c9be-2431-4362-8914-c2cd1b4121f7
861,044cadbb-7bb0-4193-a90d-8f1b9b559a89
862,f10e6be7-8352-47dc-b392-c7b7758288d3
863,6d87ce42-6914-43f0-a581-ad4820d56cf4
864,8e577939-79ec-41f2-9cf0-a558406f6c33
865,b9b4c796-7ed0-4caa-876c-393aa10db09f
866,0ca4afa4-f9a5-4178-ad66-58ef60710102
867,76adcc2d-2e7b-457f-9444-35b389e8b28c
868,c69bacfc-abae-4c2e-9a42-b4af1008e763
869,08a21d78-248c-4c46-8ed3-4e3117eb0340
870,0f99f36f-a153-449e-854b-ff134f09b7ad
871,b9e3d971-8bfc-4bbb-b5c6-81cfe60fe027
872,38180f30-a882-457a-8cdc-48c90f2e50a2
873,b02de94f-1894-4aff-a50c-4c621904fe07
874,f19b3974-5931-4925-9a1f-22656b12c958
875,85c332e7-8e0a-47a7-b0f2-0fd573865ccd
876,6648e432-0178-47dc-8fd4-ec246ff26679
877,419b84ae-805c-4f63-a3e0-cf6ca37727ce
878,563594a9-e420-48a7-948b-f119fa5b40b7
879,ea2905ce-5668-4ce6-be1f-ed65533e4ca8
880,747601bd-8431-447f-9486-b86c9adee280
881,1d1f8078-fa8f-41bb-a61a-722621a0bb86
882,c67eaece-7600-488e-a910-d24d5bb5acb4
883,2081ec95-95ee-4d06-a0aa-b29bc7967225
884,1c0591e8-9fc4-47e9-bbd1-2063df6f7645
885,9001b71a-8142-497b-9a78-1fd451c9c696
886,cf1da50f-1420-44ff-8fb4-2d35866a8a37
887,1925c767-efe9-47df-9f02-85c272c1953e
888,c3cb068e-b88a-4845-9ce8-023d0f4b00cc
889,f9bd5aa1-157f-460a-ba56-f9dc79069375
890,6c512474-ad27-4d90-865e-6b09b6ff6675
891,3ab3dbab-c841-48cf-aeff-4b753652fdd3
892,d585c32a-964b-404d-89ed-17c59ae8a767
893,ad5e31d7-57cb-46b8-b732-e18aceb2f41e
894,52cd3750-7ea5-4774-a53c-9956a471d8e6
895,2fc1120b-22bd-4a47-8294-f16ae1564f00
896,2e61ee97-86d2-4ea9-a711-2b3f24260fa3
897,35c7f279-33f4-4239-b906-a18538d35832
898,1cf40ce4-3808-438c-99ec-331d7b294e4e
899,4ce5c6af-570e-4a5a-b723-5b8301108dda
900,9fa0c93f-b4f6-4f05-908a-db214dfc2efa
901,a2bc06ca-f38e-497f-9458-708cbe5edd8c
902,98a928a1-0366-4237-a5a5-b0138d1cede5
903,f6908df7-fa6e-4fac-aefc-541f82931e0e
904,3c16b03a-4263-4b47-b2f2-949d1c8618ed
905,7ad729a3-ca68-4fbb-8480-b1f64ed9e469
906,1d1f9819-4fb4-4c9b-b650-b889e8fde2e9
907,bc41296e-f1df-4cc7-b87a-70edac4efdc4
908,4aa73384-f6d2-462e-96a5-576ce60e013c
909,d50bb0c6-e374-4840-a61b-890727af851b
910,9ee90746-5781-4278-9a69-7620adb2201b
911,672fc151-0744-4ecc-b775-d9867f9cbe6d
912,74e9aa69-60a0-4a24-aeef-f890263c7ea4
913,73164f62-7ca6-4a76-bfe8-ed92a845198b
914,f0d8dd52-7bb6-4ec9-b70f-210118d43591
915,8a201ce3-7594-446f-a314-95daa5e55602
916,d3e98215-5ef1-4a16-a338-14c049e4f358
917,5e0c8d29-18e7-4be2-8195-7cdcf585098d
918,3101b3cb-83ae-49c7-b8b1-a54e290b25da
919,1e9705b3-9afc-4edd-80d8-30a816d2ef20
920,2ca21897-b98a-4972-898e-63bf7d4c0479
921,1806a899-2275-4491-9c57-3967d458301c
922,0f58a7a2-cc92-45e5-a5cf-c64917095445
923,18dcbfd5-2a08-4be3-af70-a5b6d3160668
924,ad2fa5dc-9599-49ec-870f-5516fd6c2786
925,af57ed91-80b0-47fa-9da3-199efa61d354
926,70174771-6876-4429-b4dc-1ab345738573
927,a5a0d109-d416-4fff-bd8a-6f18e5efa35c
928,69a39e25-09ed-4c61-bc2d-36e11ba6fb0b
929,9b67aa7c-d19b-47dd-aea9-ae0aecd66e6d
930,cf42dd62-c836-4250-9e6e-94023b8931d0
931,d4305970-0f18-42af-a580-520b92953cfc
932,9595645f-3bd0-4bcb-a6b5-be16a29c2db9
933,5b1d55c0-b257-4c2e-b256-fe7e97a2f7c2
934,0ef1170d-c84e-4872-9984-e55c2b5116bd
935,a8ff02b9-212c-4e0b-a4b4-46fdb02607a0
936,05b62527-46bf-4c32-a2e6-2fa94575adff
937,bc5c4cad-fe93-4f58-9748-869e43902587
938,1d6c27aa-1094-48c3-ba97-263de594e2c3
939,cfc1871a-8299-4235-99b9-ea088caf383b
940,9659c119-2b83-4cb2-93f5-6bdef29866c2
941,e7ccf332-fbf1-4c92-9a16-aa4a29db74c7
942,f755b4e9-5e3c-43d1-8171-14827c0d4bb9
943,bb797a42-7f36-4066-a3e7-01c217c72c63
944,9584ac51-82de-412a-847f-bdbfee650794
945,77504aa4-1798-482c-80a6-dd79160e4fbb
946,771545ad-c0e1-4950-8670-3b9ac9b6270c
947,484480e9-4307-4873-91f8-9fa87844c750
948,b5c91c49-f8fd-4a08-a717-85e107fa87f3
949,0cabdb06-e54d-4c6a-ae15-609bbe838599
950,4ac5932c-181d-4388-84c8-860937b0d943
951,52d6fd13-039e-4f50-baf5-cd7f59438475
952,b2b18e35-c90e-424c-a515-9351d540cf0c
953,881dc037-ecb0-49b4-b6d5-0cc8734f350e
954,ba4ca66d-1662-4648-b9d8-73efe3c95bcd
955,def90aa6-7cec-4f46-8e03-fe2b95228c58
956,f1d44ec7-c74d-4276-9ec3-4880a7a43404
957,0e9db19a-0f88-40a5-aded-d5f8e4654aa6
958,45c53cb7-d046-4974-8c84-aeb5b4e437eb
959,0e7b5e67-a9fd-4e3d-8a7d-dafd75f0162f
960,88debd52-f722-48a5-b037-0f8ff558ca0c
961,aa3ecf3b-471b-4e0f-82fd-b850b911da9d
962,18aa5b9b-d87a-4623-9dc2-0fc3751c5999
963,17122fdc-b628-4aaf-9d3d-fcd39cc9eaab
964,4429339e-36aa-429f-8e0f-1e500e5bfa4a
965,08df46a7-6298-467d-92ea-18b7e95f5db0
966,6fc2450e-15e2-416a-91c9-cae58dff6383
967,970aa473-1437-4a21-af18-f5f82a7bc96c
968,97dee07c-08d2-484e-a7fb-49d35dd3a6cb
969,62f271b0-35b5-417b-ac6c-91107f4fd7db
970,32add121-8b9b-43b9-96ec-b666c81dcb7f
971,87ca8cd8-6350-4732-87f3-e1c189249220
972,b46169f8-e7aa-4da7-bfab-a3b8d92ab996
973,8080c727-362d-4a27-92fc-1e053ca4f0ce
974,312299bb-bc6e-475b-bd7e-7598c4efc312
975,906e312e-2f17-444a-9540-5359d0cd5801
976,25442602-9f5c-4231-9920-2d1a8af3989c
977,8b885c85-c965-42b0-bf05-31b797325757
978,56ca98c8-9cce-402a-87de-829e4a88aa1f
979,1924676a-749e-403b-b511-cab9289d78a1
980,5c15c01c-a16a-43da-aa8d-270c6375f3f7
981,2af0cac9-9dc9-4325-bd51-00e6cc5a584a
982,49dc9381-598c-4eb6-97d8-f34ca63aab27
983,f5feaa55-1208-4528-a8e3-38bbe0c0a9ea
984,55cad6f3-e228-486b-8ed4-ea76bac34dec
985,bc5ecd43-2e81-4987-9b1f-43c8ab47d482
986,8f3d3df5-194b-44e4-a119-81d0abf4474e
987,433db494-4cc6-40f8-8ac8-c20d475fe2d3
988,7834c13b-25e0-460a-b483-0f077acac850
989,d9ffa6c8-4ab5-44d9-8fe6-d0c30333a33b
990,e15bb7c4-7de7-4308-8270-7a2061c27c65
991,cfb022fe-a8e4-4a64-baaf-b29ff60715d4
992,39ce1a7f-4e5c-4459-9ba6-d21079e5f674
993,fedeaed6-2585-4c90-91f9-85d331adf6ad
994,1273e140-2be3-4e0a-b87a-57f4af4823c4
995,e58117c3-2a2f-43a3-85e3-cec475bc2763
996,61669981-73a9-453f-8d79-5c550114a12d
997,bc45d556-c1a9-4f16-b627-045142cf5102
998,de9c53e7-62b5-4a37-bf84-c3f7bfb96405
999,86d8ee22-6fd2-4dc8-8ade-9495b39a46f5
1000,3d67d04e-3e83-457d-b8e3-826bea7063db
1001,1ff7939f-6c08-4b2b-a837-cd85bfaaff8c
1002,04925e9a-fc27-4e8d-8b86-61faf219853f
1003,33822e70-beaf-4d9f-bd5b-eca990189691
1004,705ae8fc-c2c1-43ab-a783-39c2c04517b4
1005,e14dcf8c-e35f-4856-b6b9-38e3cf9de67a
1006,a03d277b-92d0-451e-bae8-8a7c1d678c26
1007,d1b4097d-f9f4-4cc3-aca9-894c7381317c
1008,7d66010c-01d8-48fe-95c3-c87ada385fcf
1009,e4652459-b0f9-4327-885b-f4f24dbae46d
1010,f96248ef-3ece-414c-8ff9-f6aa07ce2aec
1011,ddb5e974-bf4c-4e5c-9b44-3d4b8da92056
1012,ef41df97-6581-47b0-8e75-3df7ce52869d
1013,f8ff28de-2667-4d4e-acea-01dfbeb1d3ee
1014,1c984d45-0bc4-4623-9130-6d4f93641cb2
1015,9d743490-6f75-4f4a-be63-8d108f5963e2
1016,1c19f65d-ee26-495d-bd63-72b1494bac44
1017,a5b3cebc-7a64-40b8-a02a-6a480ba2a29e
1018,c28c566c-baee-4647-a7fa-31e62e759ad6
1019,52e0e518-6ae8-4e78-b52a-fd55fc878597
1020,ce644840-d255-4579-a726-0084bd261519
1021,e8dacdd3-bd8c-49da-866b-b51b2a76abbf
1022,0d00cd98-4c13-4a88-8e00-0e86ed9a1d78
1023,cc8444fe-16c5-49be-98e4-d26e50e80235
1024,194d2e67-7d0f-478b-9be5-0f8fc74f411e
1025,b8fad5d7-8ecd-4aa9-9fc0-216ee68cc903
1026,9405dc40-0a37-4cc7-a8ff-5681d4ab4b3e
1027,29275ebb-8e61-4112-b7bc-66788afe790c
1028,67653212-abcf-43e2-835e-7fa32b42fc69
1029,712fdc49-a57d-472c-9d46-c0a86bffce0d
1030,524a8955-c80d-42e8-82c4-03b03736fb5c
1031,dd18b356-9d6e-4274-b758-cd77ef8d5add
1032,f8db4efd-1d68-4ff9-8f03-80b13793afdb
1033,992bf51e-3736-4312-a458-bb37cbc773aa
1034,bf55292f-63a8-4090-a760-3dea4573a2f0
1035,d6a8ebe7-6996-4119-8d1d-1b6315ac336a
1036,842a2280-7ffb-4f6f-bfea-4f053357752e
1037,848579a4-3e3a-4e8c-8b94-642ee0a65499
1038,75e8d464-82d6-40c5-b7d0-b81f0e95afcb
1039,3f5cbb8a-fd40-4090-bfc5-e527bf075687
1040,628e8183-388f-4869-8f87-e8073a7dfc3c
1041,8adf1094-a251-424f-b168-809af9c8b578
1042,e8dacdd3-bd8c-49da-866b-b51b2a76abbf
1043,8e577939-79ec-41f2-9cf0-a558406f6c33
1044,d9dd2921-68dd-4cb0-87dd-415a8f1c338b
1045,1bc49fc9-392a-491a-8103-52e5ee8b608e
1046,cdad9e03-3a07-48c6-9c4d-12d826fce615
1047,c28ff451-eaf7-479e-9887-e5b3954a0dd9
1048,a544d937-24ab-4110-bb9b-28ea78fb937c
1049,a03d277b-92d0-451e-bae8-8a7c1d678c26
1050,cc8444fe-16c5-49be-98e4-d26e50e80235
1051,ec899977-466f-4a56-9994-1844186d8ab7
1052,f96248ef-3ece-414c-8ff9-f6aa07ce2aec
1053,f5feaa55-1208-4528-a8e3-38bbe0c0a9ea
1054,21cac7ef-9371-4dad-b3e2-9cbfe4885cd8
1055,84167543-7c24-4565-a3f3-152e69578d3e
1056,ea77004a-f063-4459-9f97-acb87780855e
1057,194d2e67-7d0f-478b-9be5-0f8fc74f411e
1058,1cf40ce4-3808-438c-99ec-331d7b294e4e
1059,433db494-4cc6-40f8-8ac8-c20d475fe2d3
1060,ede45e8d-874a-4bbf-a12e-9e55f35bf4da
1061,ef41df97-6581-47b0-8e75-3df7ce52869d
1062,f0b4f421-6bd9-4652-9e85-76f9a9c182be
1063,891df6f3-8212-442d-9e77-83c8aaa88f6b
1064,a2bc06ca-f38e-497f-9458-708cbe5edd8c
1065,cfb022fe-a8e4-4a64-baaf-b29ff60715d4
1066,9405dc40-0a37-4cc7-a8ff-5681d4ab4b3e
1067,75ac8e4b-ffce-4747-bbb0-21a8aab917c6
1068,c7f7b127-ac84-4151-948e-f6311e4e2034
1069,9584ac51-82de-412a-847f-bdbfee650794
1070,9d743490-6f75-4f4a-be63-8d108f5963e2
1071,bc41296e-f1df-4cc7-b87a-70edac4efdc4
1072,1f2a5914-ef51-4369-a73d-f08e6bc56dd3
1073,517244f8-7c98-40fb-a12a-54098cfe0a30
1074,61669981-73a9-453f-8d79-5c550114a12d
1075,8994885d-af09-4880-8303-7dda54ba666b
1076,43e608bb-07dc-4337-b805-198f66f26931
1077,779f4ea3-931d-494e-b679-84419bfed7cd
1078,a6eb31a1-abed-4369-bbd1-ee131c1abcfb
1079,ba4ca66d-1662-4648-b9d8-73efe3c95bcd
1080,fedeaed6-2585-4c90-91f9-85d331adf6ad
1081,55e92bb8-e341-4837-bdf0-5aa447f57777
1082,1b732bf1-25c6-4825-82ee-1117cfa33fbf
1083,956418d9-58ea-467e-961f-7e9276c16171
1084,c4bd9a3d-029e-4849-8d91-40e1806d5d6a
1085,de9c53e7-62b5-4a37-bf84-c3f7bfb96405
1086,78f18a06-c3d2-4593-88d0-495026a4316c
1087,17122fdc-b628-4aaf-9d3d-fcd39cc9eaab
1088,27738efe-73d1-4714-8680-80df59f6e932
1089,f23b5caa-b353-41e4-ab37-c476723f79af
1090,86d8ee22-6fd2-4dc8-8ade-9495b39a46f5
1091,2af8e4e0-642a-4844-b3bb-eaf6dd0e684e
1092,25e5ca4e-fbe5-4b57-bcfb-59436f7594dc
1093,eeb971f3-5daa-444a-97d5-9df7ca9fd777
1094,9659c119-2b83-4cb2-93f5-6bdef29866c2
1095,5f847c86-631b-43fe-9912-1732c3ed983c
1096,2becdb90-a600-4de9-a381-6fde49d761fd
1097,dd18b356-9d6e-4274-b758-cd77ef8d5add
1098,e5063bcd-bd5b-4999-8341-d294ebbce001
1099,b6a39003-08f7-443a-83de-7569a7be88de
1100,e14dcf8c-e35f-4856-b6b9-38e3cf9de67a
1101,aab6f463-6b4a-4660-a6f5-c3f9c2ab0f0e
1102,8ca33d5b-8aca-464c-8dc0-aec5a0d9f716
1103,f2e45631-6580-40dc-8fd6-f9be6ea60224
1104,8bf93e15-3788-49b1-92a0-6241dc409a49
1105,f8db4efd-1d68-4ff9-8f03-80b13793afdb
1106,6ee57143-1ebd-4c89-ad44-ddc076d39b29
1107,720cae5b-9dbc-4b5a-844b-bbadf7a4bd01
1108,19fa61ca-9777-4f57-8eff-5b6504ee2645
1109,bf30f5d0-05e5-4220-95c2-15a863614b45
1110,27deb5c5-a96e-49e1-a14b-697eda478aa9
1111,951c1b52-f3ee-4e03-a161-a3db3cc8caaf
1112,c959094f-cd4e-4c77-8412-c295765b9cff
1113,78866fab-5b14-40ce-accd-32e15902d507
1114,77f352e8-a107-4456-ae32-b25c3bb00f00
1115,992bf51e-3736-4312-a458-bb37cbc773aa
1116,294102e2-3464-4fd4-bf80-7261eadc963c
1117,9e105567-01fd-4343-9a83-ebd8e6d7d5fb
1118,90bdb186-70f6-4004-931e-334159e8c55f
1119,970769da-0540-46d3-ad02-bcf113ab6a45
1120,cab90aaf-9878-41b0-951e-dcb545954fbc
1121,a2957c5d-0b73-4eef-9416-31feea0f439f
1122,3823fab6-4810-4643-a067-b0dde12f1610
1123,b29cbeed-27da-4d96-9d0c-516f50db5ee9
1124,1a4ef74d-387a-4cfb-b1a6-53e10bc06bad
1125,177728b2-1946-40d0-9091-c6038a448d9a
1126,bfcc8570-0e31-47de-94b1-7bdf15566ade
1127,123c00d4-5857-485c-a89f-d97be3b5968d
1128,fff4c997-6907-4f53-ab5b-ed87eaf3921d
1129,657b91df-7e93-4628-963e-847dec119f63
1130,8b8ef31a-e8d4-451a-bda7-190eedad33cd
1131,a7f79ace-a226-4fed-969f-e6efdfc2f372
1132,3f54c52a-60ae-421c-bf69-0ce99aa1ae60
1133,28c073e5-27ff-4844-a920-cfd87b4c438d
1134,23a8646b-b7d4-46ee-ab52-97ce5fdb0a4b
1135,e4e1a044-28bc-4548-8439-899ad6911daf
1136,333018a2-f2db-43be-b3a3-3ef3294b10d3
1137,445bc998-e662-44b2-ae4a-2da0fd2c1a82
1138,4a9612f0-e561-4005-aa8f-468472741335
1139,000fc2d9-e1a2-4439-a470-8772582c23e1
1140,ba2363ee-6a9b-4591-8475-2765a4b2c7ad
1141,f91ddad5-db89-411a-921d-edd0907eaf1b
1142,db5f102e-9532-4e5f-b53e-9432aa2136b0
1143,6e6a5d6b-7fb0-4ff0-afd5-6a961adcf0c3
1144,8402175e-9d1a-4406-9119-6ffd403421d1
1145,634063f6-bf91-41ff-a136-0204715a957b
1146,1d95bd56-cf20-429b-a57a-f3d8c5f8b61d
1147,5649b0c9-edd8-44dd-9cbc-a636d3c44e47
1148,604e673d-d06c-4c6f-ba9a-303126824dcd
1149,6133b233-cd7f-4c45-861a-ce90ed9525ec
1150,c137c5da-6fc1-4cc6-8f30-82b6f49fab79
1151,66b7423b-aa02-42a0-97bc-923cfa29d4e3
1152,4b11a19e-6400-4063-ad66-aae62fcfcbcf
1153,a4e8c81f-1d3c-468f-9948-505d41a77d8b
1154,786a10bd-b74b-43cd-8dda-ada751710f29
1155,17bc8073-87e0-455d-93cf-9824c94b8646
1156,2c4d22d0-1587-41ca-aad4-3668bd3579ef
1157,aa11763c-4e18-4b4c-b4f0-31be52390dc6
1158,4fe56f3a-72b4-4a9e-bfa3-c1b11a60bb75
1159,13d758df-6c21-4148-9dbe-5268b1e04084
1160,6cc8f923-8aa9-420c-b093-662921c4e91e
1161,784f3d97-6b59-44a6-86b5-01c8ec35708b
1162,4de99b66-79dc-44b2-a2aa-1d5e2a78fbc9
1163,2acf6c11-6b63-4216-9709-a1b0f428fba1
1164,b320126c-a819-45b0-943c-21a36e9d6578
1165,7b3d2d82-ee8a-4eeb-b5ab-98cae6b95c80
1166,52234139-148c-4da6-aa45-9aebdef2f6e4
1167,6e0cc7af-16ad-4ad9-8825-155d4d2eecc0
1168,c1ad36ce-7c2d-4f22-87c2-5eaaa3e340b4
1169,88debd52-f722-48a5-b037-0f8ff558ca0c
1170,71306244-8bdb-483d-a315-877c891d89c1
1171,5af4af02-8fe5-4f2b-a675-45b4315c8170
1172,91577d9e-38e9-4dda-98ff-954158a8d947
1173,0c1745b3-cea5-4e23-af6c-06bdb57cf308
1174,8dd0ae04-865b-481a-b1d8-556a15b35851
1175,8de79a07-dad8-4cd4-8d49-bbcd3937e054
1176,aabceb8a-0c36-46d2-b4aa-8a08104d17e4
1177,3aeb6a28-907a-4261-9f2b-7b50785087f5
1178,c517f8aa-97aa-425d-a182-c9f0c7d1c800
1179,79a15559-5107-48ac-8cd2-7e84c0e68959
1180,543e20ad-02d8-4598-95fa-e4cf77b00870
1181,ea9cf066-7997-416b-91e2-dd80bf6aa37d
1182,32add121-8b9b-43b9-96ec-b666c81dcb7f
1183,479ae4d3-fe86-430e-9573-551020007ecb
1184,671496d5-e94c-4f73-9bfe-6897cf5d59ff
1185,e5b6f3f6-a2aa-4e34-be22-d90d3922d801
1186,461742ad-5705-4162-9d17-8e8fcf578e4e
1187,a6f9ace8-c920-40c5-8cb8-f82b9d6fd167
1188,9f7ba6d6-6249-439e-9999-a27f55db9f05
1189,d3d20e2e-ecc6-4e7f-87cb-247e47e7bd04
1190,d22b9905-9f15-4b36-be0d-ed614f5be0b9
1191,9e5dff0a-586b-4fc0-891f-9fe8ee4815d2
1192,6fc4416c-27dd-4057-97ba-751f29a42a98
1193,c3e462d9-006c-4c8f-a2a3-d9598d7af8bd
1194,c4d38aa6-faa3-4905-bf80-8404e14d4256
1195,380e5372-3165-4e00-b9f1-b0c086d2f401
1196,760b6ad3-338d-42c3-a4e8-58bb91e9de17
1197,9a0ff613-bd7f-4e15-b45d-f73933381475
1198,84e8b567-5cc5-40b3-a6df-f89c47a92cf7
1199,e1abccbc-008a-4fa8-9461-4fcb37cf2b90
1200,abe6e050-b6f2-44ee-99b2-43dc5ed8132d
1201,e075280b-16f4-4d9e-ad37-55ced36a812e
1202,ec27c3d7-94f2-4873-9403-c4ce68a283de
1203,8bfd1d01-219b-4123-b6b8-57bc9f7679fe
1204,902089ee-ea72-4535-9836-5cdd8cce5e75
1205,1d5d7a9a-4a8e-4af2-ae26-67616889fd2b
1206,345e9e73-48dc-4543-9f37-a1bd5c8918ad
1207,dc3bf702-14a6-47aa-86f8-8e6e2b0cff87
1208,f91e5a1d-b150-4db6-934b-c0e97e3ea5ef
1209,3e50ead2-5194-4278-957e-842055dc1652
1210,a0c7e6a1-234e-40da-b48a-77d8e360f726
1211,23c0fb7a-c00c-4fd4-b209-7ebc0bd9a646
1212,2ef35300-f670-4088-928a-271a5081901a
1213,b6f732ad-d79d-4170-bee6-a129eb86a891
1214,237b5fbd-4ff7-45cc-b52f-f16bb02c8f45
1215,08245b4d-aa19-4982-ab3d-d7161e02aaae
1216,bc9503e0-d97e-448d-94a2-c928429d773c
1217,0e40c90e-4811-4e85-8c72-a17d9f539348
1218,aec33a3c-31de-4774-81da-aefa76f4de8c
1219,f18f12a2-19c0-40c2-8fb5-7e2922cadadf
1220,dcec1845-fb77-4965-a14f-8dfaf6381dc9
1221,fbd9faab-2340-4111-8cf8-3d222be99f09
1222,5799292f-6164-4469-b44e-bf901fcd26c8
1223,4c4ad43c-d185-4fd3-9787-822fb18f7543
1224,f22b9771-a494-4ba8-886b-b8bf35e9969e
1225,af355323-502f-46f0-ab68-f922436f2d29
1226,e9e62ed2-f6cf-4d4a-a9d4-4e38df214a40
1227,50f6506f-7c31-47a9-8d12-cd324f426726
1228,0dbde1ae-b573-4dbe-9f28-771f2fbbe442
1229,767ee94c-5d55-4148-9c5d-4dfea598ea87
1230,2532826a-2e95-42c2-b75f-020201838a0a
1231,44ed5d6a-a7a0-45c8-8d61-a7a61618c02d
1232,a2f38750-0082-4275-a6b9-1c27299df6cd
1233,2622de07-25ad-4755-85e5-9dfb0a7368fe
1234,aab19c22-5e5a-49a4-96c3-4fd75f384ed0
1235,5f128073-fe64-4dd7-911f-3b8564df4ed3
1236,7ce1ab20-dcb6-47a1-9739-cdcd54411f27
1237,4dba7064-308f-4e56-8f56-411908855ba3
1238,e506a39a-774f-46ff-a6df-9f421b73e0c1
1239,d1df5701-f4ed-4243-ab5c-94c0ec6bed51
1240,e4eb4e3b-a0e1-41d2-b5e5-7453b83e8cce
1241,57948aad-a075-4054-9300-e07c0262ee99
1242,b675c013-5abc-4920-b73e-7ce966c535d7
1243,517fa816-7348-47cf-9223-d58d721c9460
1244,7607d542-2d6c-4d09-aea6-b8f11aded773
1245,7f9772d1-e16e-44fc-9a90-0ed864cab429
1246,7a6bd8fd-4cea-48cc-afc6-d333f6f5e1ba
1247,23d666a7-ff6d-497e-b05e-a3f012d586be
1248,c76c2049-c9e4-47e7-a30c-c88dc0cc5978
1249,c6ab9495-84a8-463f-8986-01ae07084016
1250,b5548b47-89a0-4891-9239-156a8f342054
1251,b6a4b77f-d73f-4e34-99b7-ec5f4a457dba
1252,b2f8033c-3899-47db-814e-ae03a0690e32
1253,65d79537-1a52-42ab-ac99-e0a320b759cc
1254,e764b64a-e12b-4903-9b60-00b78280f9b6
1255,f0218b37-92fe-46d8-9b4f-f993ab2e6700
1256,e2f8f812-70e7-40d0-93c9-270492fc7b1e
1257,5cda122f-e74e-435f-886b-3df33ac215ab
1258,c77aaec3-c0e2-493d-8a0b-4210ec63a01e
1259,cd4abb2a-fc16-4cb7-a0f9-5086c050aea7
1260,929edd1f-8153-4fd3-bc8e-efd8ce4b6061
1261,ffd3cb2e-992d-4b97-8b65-975f4eb7f630
1262,96620d99-1397-4955-80cf-b6a612d0e9a8
1263,3f9bd935-fdee-427f-8db1-98cf23671048
1264,5456f1fd-d081-49ba-9bf0-e2c60f11c07e
1265,0258eb33-2759-4fb4-a168-dc9a837f7e24
1266,0ce2c4d2-bd63-4e18-8fef-656bd5881652
1267,9ec8631a-5e64-4407-9b70-75fdbbd86cd3
1268,dfa3a1c4-9ae6-4a58-8621-a819267b0fce
1269,43a5994d-6d68-4c07-acb4-9dee8e771c13
1270,ed7a1579-9aa9-46d8-8ef5-116bad91f3c4
1271,c344cbf6-96b7-4fdf-b689-d6cfd406a751
1272,f5a44377-b6fc-4512-be32-fafa76418d3a
1273,ce401c19-10f4-46e2-ba77-4a493a51342a
1274,08fb2edb-1d9c-41b9-a1ba-2ced8de14ad5
1275,056ae615-eef4-4b6a-8d7d-adb7f8225843
1276,506783f2-6d2d-4316-b80b-8e85d1b32865
1277,1b221edc-5b83-4ae0-840f-570d8035952b
1278,f70631e6-6b4f-49de-9709-4abc23233bc5
1279,37e872e7-bb1e-4ede-986a-f99ee0097799
1280,20294b85-29a3-4f2a-90be-a515d9f71301
1281,267a4c74-bd63-42de-bd3d-b6d256869c44
1282,7083d770-23c9-4efc-be05-19e3e4931a2d
1283,79b08206-ec86-48ba-bf31-af8e1cf36a74
1284,0c57e98d-2913-4394-a3b9-5cf8737a8dee
1285,eb89be23-4a50-4d79-ade2-8713c3331c1d
1286,691be3e6-9b8f-4975-a64e-609d02317d4c
1287,34bb2eb4-61b7-44aa-9d0a-361d7e7a9968
1288,278b4a47-c4c2-4d0f-a701-9b14ad844c80
1289,70e3e8e7-125c-468c-b28a-fee4bbc60a36
1290,55c213f4-374b-4408-aac3-58c91211f4d9
1291,0ea8d587-5782-48aa-a592-ad011d7890dc
1292,ab7cfea9-c259-4244-a428-2521b7b4a61d
1293,48249da7-750d-45d8-b232-59e4788dd83b
1294,e2cbcd25-e786-49fd-9c77-f8e4718dd56f
1295,96004363-6089-489d-b929-1302f5d764a9
1296,b7a624bb-40ad-47e1-ba9b-4d5a9bfdf439
1297,0d5a4cfc-4949-41a0-aa46-57a7d343c571
1298,66044e40-cf92-4bcd-89e1-8bff7e27b2d1
1299,d6e1ae50-64d7-4539-97e0-c758d28e493d
1300,8f832c26-38ea-4816-b311-5c377225f4ce
1301,b5fb39a0-d9c8-4761-9aa6-d577d7882de1
1302,e771d3fa-05b1-47c1-b0fd-29e0028fe8da
1303,65b77fd2-3234-40f8-8409-e699765a55c5
1304,5156bea7-c077-4b33-9d05-4abc9b054441
1305,76750077-97c6-4f81-9bab-bd9cf396c1d5
1306,79876326-47d9-4689-b9dc-7333099e3638
1307,5df7469b-cded-4eb1-b157-a6f399cbf61f
1308,73956d73-fc3b-429a-bb72-ddf95dbc3658
1309,2efeea1c-3506-4aba-a937-581bd75dfd88
1310,023e55ef-74ae-4c45-a854-71b182e900e5
1311,ab5707d3-a839-4204-86f5-2c55b05b9b35
1312,7bc4002d-9b1b-49d8-b2b3-cd7df89a867a
1313,6eb1f218-fbfa-4b16-9ccf-f68c0aa0bdea
1314,7c12f2ee-c987-4ca1-b5e5-c60a03ca0dee
1315,f3bb387d-794f-44a5-974b-a58be4f6f278
1316,8341f34f-556d-47b6-a053-914c21c037ca
1317,2db46f27-f2f4-4d33-86e6-0aa0c1ccb7d1
1318,c6e4b373-8cc7-4b2d-ae2f-ef2020d44f2f
1319,eb2141c3-0e46-4705-8dfc-a4dbed08e7d4
1320,bed8c99d-8793-4b4b-b6b7-3599d956f011
1321,f3c5ce17-39d1-4568-b295-173eb3c63e58
1322,164d091b-dfed-486b-8600-90329494fd99
1323,f08f8099-fb1b-4135-a92b-e3a35148ecc0
1324,4563f769-d5e5-47d6-81d5-f69c5b17e719
1325,4f8938f2-33bb-4359-bd18-30b610f57556
1326,bfec958a-097b-4f90-8cea-716f6a74e5e1
1327,59b08f67-71a9-42ea-9299-8eded8a5e86d
1328,1a90c2b7-a092-4f70-9669-14d5155298c4
1329,4ea3d002-1068-447e-955d-1c8e1a7890d1
1330,a230c791-c36f-4c7f-9351-630d34405220
1331,532de5bf-eee1-483a-8f13-e09673255ff9
1332,54e80b97-a6c6-4ef5-8f89-72291fa80d60
1333,ab761c28-7fb0-4de6-9443-05af5ea8adcb
1334,2f6c77e4-f10d-43f1-9e99-2306a38c4661
1335,1216a2f0-fc6a-49f8-b614-95edc523c166
1336,930513ed-9bba-4a33-a8cf-b0ff85129711
1337,03a4e750-c8b6-4d07-bf02-44f78ae00bce
1338,9622b564-e23e-4b6a-9f0c-07380895d931
1339,b516dae9-49bc-46db-ab29-1141e2eee68a
1340,66d4b93c-41dd-487c-9fbc-7ce95734f6b2
1341,3515854c-b00e-4516-8ded-0734f8d0a0d3
1342,a8af728d-e585-462a-a477-9575ca6bf2fd
1343,04ccb60e-5786-42fc-99b6-a7980d01c855
1344,01e7706c-ad1c-4c75-849e-0489eb50ad95
1345,c3529da6-8b8d-426f-ae51-8135e79d183d
1346,a92efd0f-4818-4177-80dd-d364157f87e5
1347,fd4825ac-2f8b-490d-b89c-182e91b8a94d
1348,06cedec6-5b9e-488d-bd82-c4b7f5d53d1c
1349,c71184cf-a349-47bc-9043-8e4acd5f8737
1350,7f2574e7-2a87-4fad-a442-f1fc3642946e
1351,2da9e2bc-73d9-4a71-b874-9521004cc611
1352,bfac7229-7a94-4845-b366-c6192bf3004a
1353,a2125e9b-41ac-4e7d-8b55-c1f2236599c7
1354,b81d1900-52c2-4d7c-8072-68b51c89d7df
1355,607f4a1b-3876-4a01-bd32-e876b2d856e2
1356,b249bc17-1362-4ff2-bc1e-bd1d0b6fbad1
1357,91f3816e-3633-43cd-98af-ea280c57b914
1358,c032602c-cafb-4db8-8543-ec199a1aa3b0
1359,764af997-9723-43ed-b2c0-4529fc15bd89
1360,2f4a7045-a377-4cc7-b9e3-45dbae2dbd05
1361,ed9a62f8-9e2e-40ad-b6b9-52042dd75155
1362,ef9d2b6d-45fe-4c71-8298-aaa7539a7594
1363,54367642-dd18-484f-afe3-ecf87e0c3a42
1364,a1de4496-8dbf-4f24-9a05-25a03d0aaaec
1365,b7c074bd-9003-4451-aa86-eb82dfebebee
1366,fa3c3c01-fafb-4a3b-9825-b92a6bc38631
1367,17a0c131-01e8-4c19-87d3-4064fc9ffc1d
1368,b6e0db5a-9f23-4cda-a102-9c6fab55e763
1369,222dd0d3-8d1e-46ee-a993-7aabda86c29f
1370,307e0740-7fe4-4022-99f8-14a063bc4fe8
1371,5cc16916-96df-418c-a1e1-286d336a86a6
1372,3ded673b-4580-4a45-a5fb-55330423d008
1373,99ccc21f-e5d9-402d-b207-4e7fbe5770e2
1374,15b3f4e0-72be-4036-a255-c3e529957276
1375,c45d8f55-c01e-486f-bebd-5c85dc642aaf
1376,f8edf993-2ae2-45d6-971d-fb7f4e844eac
1377,33957eb9-dbd0-485e-823f-58a213b87d61
1378,380b7c6d-01a9-444c-9daa-a5dc9c1028cc
1379,d9e111d0-a28a-4605-aa0e-72ad524f9664
1380,bdbac2f4-93ea-45ca-a0de-b2bbccd5a704
1381,5aae8de3-da2f-4059-a9d0-6b7c16d7f262
1382,33cf2e86-8197-4782-b2c4-51f9fbb4959f
1383,1f65d41e-53bf-4afc-9775-4f81aed77aec
1384,718d1296-2e88-4693-9e00-7a9242a0607e
1385,99880082-144c-4417-90ba-3ceb8b700435
1386,50290053-5cd1-4b97-855a-b1eaecf14089
1387,11695160-48cc-4109-bc10-b851dc39416c
1388,b225d35c-67cb-40bb-adf8-d05cb23e0bf9
1389,3d839bd3-458f-459d-9aa1-a16cc0a06b09
1390,5611102c-c13e-4277-a22f-ef60a643511e
1391,0e097b00-5190-45a2-9f38-9104fe005d43
1392,e1818189-60c3-4616-9b37-c6d3cf93638b
1393,ef380ae9-7565-4d75-93f4-5b74cf50a2ad
1394,f4b57688-33e5-4afe-8d3c-1450a6f1bfda
1395,6b791726-a5e5-4fbc-8cb1-a7b291fb187c
1396,3386708e-5e5b-4378-9f1a-417f27a9a380
1397,41eef08e-fa1a-49bd-9abe-26907e924f0c
1398,cce06057-11c8-45bd-8a7f-e35664ed4cde
1399,2136b036-c95f-41ad-8066-c65c14cb1837
1400,4afde7cd-144a-4990-bfbc-9e54cba03d12
1401,f509b3e8-e58b-488d-90c7-6879446284b7
1402,a1edc515-25b1-446f-ad52-c2be2c617aa4
1403,c79b1e45-6551-4e0f-961c-68cf0c68f37b
1404,4a7d278f-cae8-415c-b04d-ca74e3553183
1405,6da762fb-6e2b-40e2-8b42-79aaf73f19b7
1406,24a6f8aa-d18e-4a3d-88a7-4924964db765
1407,3dabec24-6730-4aa2-b8a0-bdfd5f6b646e
1408,61ab4474-1e27-401b-9253-8aac1cbd2fbe
1409,fc1c253c-f125-47e9-b88f-4436a07b7770
1410,89dc15a6-ab98-4ffd-9857-f6917b0fc76f
1411,ee9e7116-1e3a-41c5-b1b1-ec13f1974ac2
1412,f46727b4-dc29-442d-8d73-bd6b65defa1b
1413,2df0b0ca-ca75-4e1d-9dc4-66354e7053f7
1414,b88a7b12-da46-4ade-9bcd-431987ad64e7
1415,f33e4005-08d7-4bd5-98b3-6de6b96949c3
1416,f65c5c19-2a26-4c14-9673-e0d7dac68cb2
1417,c4f7ccb7-7505-4e4b-8d3a-6f7d9925b918
1418,17430664-c8ba-4013-aaf2-fb2d48e79e48
1419,44e7dfb9-e80b-421c-9b8f-685c2b0d6161
1420,284d049e-6ad7-47e8-9521-ea661ec6fcb3
1421,08eeb419-cb27-4f20-8982-4bf76296c6c4
1422,df98b59c-a0a3-43e8-aeeb-efddba9e62a5
1423,792422e7-b0af-4443-843e-a2713bdfe659
1424,1ed2aab2-ad98-4335-a97b-f184d165ff23
1425,3069fc87-023d-4c02-9044-1de1c78bc0ff
1426,76bb529a-48be-4803-b8e2-4cf28cd06655
1427,d833007e-e708-47e5-a2a2-9a177320046d
1428,95d931d1-3d4d-4f9b-a0b5-f8a79333c650
1429,acba5527-7581-412e-a7bf-533a0ad3072d
1430,1a54a184-548c-45cb-9ecb-6a47d6e746e6
1431,022e2f11-0acb-41af-9ff2-f6a099cbc6cf
1432,892d5504-91f4-48e8-a66f-a504dc1116ba
1433,72f8f108-4ec1-45fa-80f0-f66c24d5a19e
1434,ab9755c4-b30d-44d4-92a0-d43f5756edb0
1435,c9899878-fbbc-480c-9bf7-40de5b7e68c6
1436,c32a98c7-fa55-4446-a8f1-130edab99142
1437,bf04cdcb-5313-4e13-a57f-c949b9a32756
1438,360d2cf9-e639-431c-9bf5-a8dff46c464c
1439,4420882d-24eb-43d8-88ab-cd407a0146de
1440,4b9a4d7d-fb02-442d-9fb3-b664d2693157
1441,f6bd91da-5434-4cb5-a8d2-9159c730bf24
1442,65faa782-e4fb-4e2c-929d-17be2ea5a0d2
1443,b4c93708-72b1-4fa6-9795-739b0184e29f
1444,f7220206-144e-456a-9e76-d8d5fef20795
1445,e9e1f5cb-b608-4701-b761-39c9047dfd19
1446,d22a475b-d48a-4ea4-b113-07ef40f7a30f
1447,669ee901-30bf-40a0-bbf1-3e39dc03047a
1448,861afb83-9c91-46fc-9ba6-9f450de1d51b
1449,8bedcc75-e182-4e92-80e1-a75d5450e916
1450,415bea47-e941-4bb9-bac2-8033cc651432
1451,ce52375b-0891-4d91-9251-9d679779f0d1
1452,9b9b6104-541d-40c7-b3d3-441511efb03d
1453,d54c14f9-f120-4ce7-bc0a-d109f9aa9991
1454,6c773234-57c9-4ea1-b467-d7f2afa9b8d0
1455,16ecdb7c-689b-4398-9bad-48beb1a5462d
1456,9ffac588-c489-47d1-bce1-9c932afc3454
1457,78d6cd25-fd46-464f-9223-4b4b9ecdbfd5
1458,d356a0a5-4ffc-413d-8e09-dea9bc0b768e
1459,a16e9cb4-37e6-4849-9033-fe7b701f9b2d
1460,ec371c5b-1812-4ae5-9a9a-b1e9207bcc14
1461,ae6a49eb-8ddc-43bc-98c8-3229ac3f838b
1462,9ddf2895-4f00-4f6b-ae38-c22da294714f
1463,365f5436-fb5e-4494-a045-80d0f7d83e1f
1464,598c464c-146a-4ec7-b341-c8e1355574c9
1465,acc24157-4096-4d85-9473-9dc0c29ae23d
1466,3a3bb157-a45c-4d69-9fee-f486d624ffe8
1467,2081a923-19c8-4883-9f22-1331a609a530
1468,6b5cc839-b393-41da-ba3a-a44b00c2e2a0
1469,3c4dac29-7a99-4bc1-9839-2d4fd5ddd6c3
1470,7d532384-2fb6-417b-9d28-19f11f15ab4a
1471,5ed503b7-3c42-41c0-babb-fc27041bd5d4
1472,699a20fa-fa66-4604-9161-f2d916c41ace
1473,9365a062-b76d-4145-ae35-1687a335e7b7
1474,2f7a02dc-4a91-40a4-bca9-4f479292d7a0
1475,04105277-bae8-4c80-9c07-f09f6da4871c
1476,a2e9696f-8e6f-4381-aacb-8256433f2647
1477,9eacc0a5-c433-4a9f-91e8-f72122d3ac05
1478,08c12971-e4c1-4ac4-8d6b-d0b00b8ad622
1479,2d1a8cfd-43d3-4894-8777-c75251daaa1b
1480,a81d12db-6b7f-474c-ab01-7d30f71dd4d3
1481,11507731-9542-426b-93c0-a1369bfbded8
1482,ce0a0ef6-18a1-4206-bd3b-1f93b5ebfac7
1483,7feaa523-ceac-42d2-ab72-fb1d8fc185b3
1484,1aa2644b-2269-49a0-a40c-3f2c6000bd7c
1485,629edffb-820c-4638-8b3c-73c8c10713b0
1486,db0768a9-2c3b-47b9-904b-3789ba21a7c4
1487,3c0ea41b-0dd8-419d-8576-27d9fd6cb434
1488,52dc25cf-fdd0-4e12-988c-160314fe8208
1489,cb870cb4-9fed-4888-891d-a15059721acf
1490,efa75d55-49cf-49c0-b059-d39108b67eff
1491,ceb690ab-5f42-478e-88bf-bb0980d64928
1492,fac1b892-9a43-4eab-97b5-480877f55fbb
1493,003efb60-bafd-4bfb-b982-a0225527a9e7
1494,d8b6c30f-225a-4178-a9ac-a102ca199b89
1495,ed93fc15-c345-4918-b7c5-cf489d726c92
1496,c7ad92bf-fc8a-45f4-9f4a-f8680dee63f9
1497,893dda2c-eade-48a1-8509-fde2852ed723
1498,7ec9df38-34ee-4020-b2a1-5c8635b1ee97
1499,ed7a8a41-9406-4b5a-90d5-ea97bc2063c8
1500,14ef3fea-2b68-49a6-8abd-ee15e568a172
1501,75a242d1-dc89-4d7d-a1e4-6c2e3a253e88
1502,7e39ee44-6811-4d95-a278-bb1ceaff4f6c
1503,a46c2c5a-bf7a-4903-aa71-2cc8682e024c
1504,1b911990-bf23-4c79-8d2b-bd8ac938ba39
1505,489631a6-d5b1-4a67-bb57-11beb42d9d43
1506,f67af8a6-42f8-4180-b0c5-cbcb086a0248
1507,01644bac-5f29-48c1-9018-0a8003dafc7a
1508,9223dee2-7144-4e41-8a9c-f16b180299a6
1509,a3a6c893-35ec-4313-b5bb-21ceb6f6db3c
1510,79a3ae39-2c6c-4b33-8e72-b357a4a7f678
1511,ba7ae81a-e15d-49c7-bfa8-4f58367136cc
1512,134c707b-afd5-4a88-aa80-9b8b1d6a8117
1513,23ad9392-2f1d-48d8-9bfc-e80632ac95cb
1514,4de59d49-8bb1-43ec-9dd5-cc943cf51fb6
1515,ee88f7cb-833e-4029-b83f-09f204f2df24
1516,3ea689e2-0c1a-460e-8862-831c0c67527d
1517,1b9789ff-f0cb-40cb-a547-2546a97ab245
1518,f926cf7d-1f12-4ec3-bbfd-2797374a75ed
1519,cbe3144c-5382-4474-a74b-16748bd141f5
1520,a5a6637b-410f-418c-8cba-2bcb18ac9a33
1521,17049476-2452-4e03-bfdc-d244be8543b1
1522,e2f2e4c5-3123-4c6b-8f5b-43e2a5154b21
1523,a7807e64-3ba6-4708-a465-a5f22a07c6b9
1524,76de2010-7e37-45d2-ae26-2cf677c63014
1525,ed3721ce-c20a-456f-89c9-e9b47562e179
1526,1cf09fc5-975f-4b29-97a3-c7b85815be1f
1527,3fbb58c5-f658-49c4-a2d7-dc89dea7a69e
1528,63a562cf-9d0f-4002-adba-2ea6df3925b5
1529,211f2dde-74e1-403b-9577-11392231e51c
1530,695dee16-b76c-44f1-83a3-7e83214ba07d
1531,21731bf1-86e1-41ad-80f5-e88d4e0d8561
1532,63bd7eae-bae3-4c6b-a9aa-77fd67d1ddad
1533,97e39efd-069a-4419-9e4a-5b7d26abe9a9
1534,400e7259-81a5-4069-908a-cc527dbe2bd0
1535,96473c12-6598-4461-a1e2-c5ae0854de20
1536,27ee4c0e-95c8-4cf1-8485-67fee15029df
1537,418b837d-1191-4a69-8f25-21be5b7941d2
1538,25405dd7-bd68-42dc-85c8-bcc92ff0ae6e
1539,cf515d1f-c3f9-405f-a617-120cfc0a43a4
1540,387f2c19-722c-4b82-bbd3-a96d2beca426
1541,5cee81f0-8861-489d-a9e2-5b471432904b
1542,5625e057-de71-40b2-9464-a95da928f68c
1543,2402e6f6-0271-449e-9730-813fcb00f853
1544,f2b2bac5-26f9-4140-8b36-3191374043f3
1545,3f921524-e109-4140-a330-586d2c664d5b
1546,414019f6-73b2-4b03-8022-19719aeb1baa
1547,834031c7-d55e-4563-8334-1577b6587562
1548,d6a3a065-8ee5-4e9d-bf11-6a899f14b9e4
1549,9ebf807a-5fbc-4a4c-a116-912a9610cc3e
1550,0c4fc082-fc59-411e-8574-b779176b99ab
1551,8ecc85f2-8ebc-4885-b458-f7dc7c713f16
1552,7555b4b4-2fb9-4bc0-a021-ac46fb2423dd
1553,fe4b3537-a543-4d9e-be5b-b58451d3dea5
1554,a1e74e46-4060-49f8-a77e-da1837758ca0
1555,60b26e88-4c39-4c43-aff4-d464784a824f
1556,80926fca-3097-4736-95e8-be4f7d8007ea
1557,a13c54cd-71b9-4cb5-a725-4ba4d24b79a9
1558,36529a09-9856-4929-abb0-ca2cc3098b48
1559,e682e53e-eccd-40e0-ba15-b282c991ce40
1560,23be9173-3754-4d7a-a68f-5a97dd5e05d1
1561,7ff66bb7-ec21-4fd5-ba51-eb5a38b4ed0d
1562,c3e41d3e-9283-4196-977c-703a33fb053e
1563,e958857a-7a1e-43f6-8f03-b588a6fd57e5
1564,e8193241-a790-417e-8a5b-5ec0f194e8ac
1565,c637ca45-7c64-4cdf-b586-dc9b0b8a1306
1566,2d833378-703f-4d66-9ba6-dbcec2e0a946
1567,2682b803-41e6-489f-8cb4-3d5acfa208ae
1568,a3b6039b-58ed-41fd-a0bf-d51f1436af31
1569,72810571-1860-413d-b97d-b12689211f46
1570,0981fa58-5760-4e9a-8901-455ddd57edc7
1571,e199e50f-a1e4-4886-b5c1-2938d81dd010
1572,f08c286c-872d-45f4-aa40-6d3895068986
1573,bc478cb3-5dc8-4baf-8a04-ed8d4aabb8c8
1574,2737d457-5164-4915-98ce-b34e1d6c3fc6
1575,e44a0b14-683c-4e78-8b2d-bbaca5cd2b25
1576,7c89f81a-01a6-4ae8-8fe8-63cbbb470424
1577,119fc86f-c057-43e6-bd63-53641e4fa3b8
1578,b82d3e35-881c-42e3-b3aa-bfd822e50d17
1579,122542ac-74d9-41df-8098-4eb4ad572c51
1580,18f55ded-df9f-49e9-83c0-65e3691ceac7
1581,cb834ac2-c97b-4983-9cac-19b45882be48
1582,2c6951bd-4527-4bb8-afd4-940878841e63
1583,6f88ac52-b8f6-4ffa-9501-3eee934cbf51
1584,2930dfa9-04b4-4735-bf5c-f4538c4fc9c1
1585,1e4e897d-19bb-45b9-bc60-0716e3a2e0bb
1586,4febb0dc-13fa-4948-b737-8b09ffb02301
1587,ec637f5a-b924-4d48-9afa-90c53a1640c1
1588,221d08ee-a19d-4ccb-989e-7a9289a5aa37
1589,e9250b38-1e36-409c-81d5-968f9be53af5
1590,50576f0c-217a-425f-8b50-70e6eb493f09
1591,24c60acc-6521-4282-b818-07196b884855
1592,b6dae99a-bd34-490c-8489-8948d1d6519f
1593,6bd920c7-2f5c-46e7-9842-b2ea6aab1975
1594,b963a67f-6246-4da9-81e0-26fbd07a0de5
1595,4cfabc81-cb0d-4092-844e-7d1d3243f875
1596,d330345b-a236-4a49-a644-c634281d1377
1597,4ef868c6-bedd-4e80-9975-22921c1dc86f
1598,170eefe4-7ab2-426d-8d3e-62800a52c397
1599,795a9b17-6205-42c6-88a0-5417101e33b4
1600,0d61822e-242c-4dfe-82de-7ce6965dfcd4
1601,162a37c2-3bdf-4680-a861-86ad37c6003f
1602,177659f7-5f23-49ba-96f2-33e3243196cc
1603,26e2ce90-c863-40b6-a43c-a97e0974ea69
1604,6fa6cba7-708b-4849-a5ad-b397086c239b
1605,2cd6b228-657f-4da5-9beb-6ca444024ed0
1606,f79bf759-a0a6-4793-ae41-3ae18abcc6c6
1607,9b2a5d8c-e2fd-4afc-b01d-a284c0c9a7e1
1608,3752ba45-9167-489b-ad9c-91e4e93552fd
1609,e5207283-d355-4cff-8868-8d7944fe424a
1610,1605a2c1-e69e-4139-a02c-388b03447c73
1611,8e1d8faa-4e92-4ee1-9528-e70c10f8b2b0
1612,01f4a3b8-169d-4d91-bb52-2f03855a19fc
1613,f475bee1-aa26-44f2-a79e-737b80b5f668
1614,90723b1f-b432-4662-b3f9-8425c931c31a
1615,d6ecba92-e1e6-448c-bbbe-1e53428a3468
1616,d80c3287-cfbf-4c53-a02f-3e2384becbc3
1617,a5be6a7a-5c57-49a3-8025-b01b02aa1b3a
1618,80fdb67f-07f2-4470-8c19-73b89cc70dc4
1619,5ed0e4d1-8291-4c9a-b885-6e06a89e6e19
1620,6f1e0cb9-8627-4ca0-889b-5a83577dbbb0
1621,d64e9b0d-3727-479a-a0b3-c3a7b5d9412b
1622,78b86967-78c9-46e9-95a9-63a22ecb83a6
1623,7563d969-fdbd-41d3-8eee-b5e39484e055
1624,45603fb2-142c-488a-85e6-44bafc099862
1625,e35d1fb5-1916-48da-870a-842bcf423697
1626,1b01914b-bff9-4052-86d1-d74db36b6b94
1627,e1e03ea1-a025-4157-bb56-2c77fb6eaba8
1628,ed081e52-396e-4eee-a4a5-3ae052ebcfc2
1629,896e5023-0c3c-40a0-a1e0-7e05b6c19dde
1630,2446b3a0-e930-454a-aec0-5671ac1ddc19
1631,fc23ebdf-ff46-4251-b796-30b38bad0bcd
1632,3ff27144-2e66-4165-b11c-5380fb3f6e63
1633,fae14270-4996-4391-9ba6-714181195626
1634,ee2593f2-532d-44ad-87d7-851d26b585d2
1635,ca7897ab-e93d-4d73-88de-c2c464a9042d
1636,8bdaf251-7bd7-4626-9c14-6fe15045928d
1637,2c9dcffe-136b-4e59-9ecb-0ccbfcaf1c0e
1638,2ad02fdb-4224-4bab-ac4d-3407eb80efad
1639,c83d173d-e18f-4e7d-bf0b-492aec92d803
1640,80a2ab92-2cf5-4c89-bc07-8f4ba27a68f9
1641,38f72e48-816e-47b1-90dc-bc30ae52fbe1
1642,d20e1222-a6fe-4dfc-a6be-8b856c12964a
1643,10be39cd-4982-4e38-9822-fc9ced3d5458
1644,773e15d5-1e0d-4d57-8aaa-fe28b13187d0
1645,5556fa60-dbe6-45ba-87a6-1337f87a09ed
1646,00825731-1130-4ad6-b9a3-21092abfdbbf
1647,b54b5b05-4163-4db1-9720-0db06639e1bf
1648,72dfa440-b078-4cd6-8fc5-d0b5165d43c5
1649,540b993c-482a-4dfc-b081-896cca4ddd12
1650,c8425c62-40ae-4416-b439-f1912f861a63
1651,b74cf1f9-3787-402b-8a9c-8469456dde1d
1652,4112216f-9791-4eff-a83d-a607a84d8827
1653,44b9f81f-ca9b-43d3-89af-92e6943d8c66
1654,83110ea0-fb2f-43d6-aa71-5c85571645af
1655,d73f10bf-e69a-490f-9d8e-b4c5749f70a2
1656,63903237-319f-437e-a1d9-7f488f46dcaa
1657,c4b85f5e-849f-4bcf-b368-bfc79da6b6ab
1658,936185e1-2e3d-41b4-aa93-a8f2ba7df73d
1659,af251849-b238-4e1c-84c7-4bc634a0b6e2
1660,cf06951d-712c-4ac2-8018-a00b18255cb7
1661,c80bfeb1-10e4-4ab4-8fef-8c22de9e4ac5
1662,791f6928-d71c-4ba2-a676-ed8efd094693
1663,7d737815-551d-4942-a16c-4b9664c329fb
1664,1318c376-0874-464e-8e60-4a30536fd27a
1665,fe2f2e56-02a8-4b2a-9200-d18f362cc7f7
1666,2b969903-e0b7-4eae-8989-a29f70f9b58f
1667,9c30b933-a035-4afb-8a70-d93326b8a8fc
1668,2351b17b-fd96-4b0b-a3d2-e4f9bdf61e0e
1669,40a46016-829f-4dc8-b830-bc673aa8cc05
1670,c2c4fbe8-0423-4041-bd0a-7716307abed6
1671,5f1bc056-f960-4cf1-8218-eb662ef124f7
1672,b9c518b7-8ac4-41ac-bd38-db68a97b203c
1673,f4298c91-bf60-457a-b22b-5fbb703878ef
1674,07ce3b93-c822-43d0-8dad-335b85fcee42
1675,ad5cfc6e-eb10-4979-8d33-cec5c1ab163e
1676,5b669639-3f3e-47d3-9a81-89b82a5c72a1
1677,f065c7b1-a0dc-411a-9a0c-060843f09377
1678,0c8df7ae-42cf-424f-b351-223b4c531d16
1679,ce808dc8-2910-40a0-b7c2-bfee5044849f
1680,3bf07672-4225-4b6d-b77f-e5aa18306754
1681,92c2ffca-0bd9-44e4-9190-8ca938c32895
1682,e5e06c0e-3650-45fb-9741-d75cf9955a65
1683,a0f3c844-a3bf-4655-89bb-d3dddf30f662
1684,e77cd01e-89fe-4692-81e1-385cd63d8fac
1685,38147759-cdf6-40f1-9663-79bea7c09b0c
1686,f821eca4-1034-4ab4-9e90-48509872d4f3
1687,04335815-0c42-4297-ade4-b7f8864f6c46
1688,32db1447-612a-48c3-8068-f9452a8443d0
1689,2bc9f7f3-d44e-4153-b195-5a25a9d29f3d
1690,b1e6621a-d71e-460e-8c7c-cbcd3897a12c
1691,f2408580-da72-4b3b-95bf-31a79ddd7ec4
1692,bbfaab3a-2b97-4cc1-aef2-b7e4be66040e
1693,b7193e4d-1372-4b19-abce-552be4ec144c
1694,321d58b8-0a84-4f15-b977-aa886779a207
1695,0b838fe9-7ed0-406a-9237-6bb65fd7e540
1696,8d1ca7d4-2d0b-4a7c-9afd-0e527e108d11
1697,29caad12-649d-484c-8434-fab03687005d
1698,22211cb3-76ea-454d-95bb-27a53ff99e07
1699,fb9c3587-1741-4ee2-a1fd-887d797a6944
1700,836279a8-d58e-4dbe-a989-d00cf64f5f08
1701,72ca976e-8e75-4808-9962-ee96b13b4cf9
1702,9761c9ca-ea3e-4949-af97-03fab17b8199
1703,826488a0-b51c-4b1a-b21a-dd1663ea6dbc
1704,7f7f0334-6bcb-41cf-8ad9-ace12d28316f
1705,980435a5-c327-48f0-a5ca-87322ea1edc5
1706,c927505f-22f0-4246-8876-fefd8aaf8376
1707,af12f6c8-f8e3-49f7-bda6-3fe8bf9b1ea2
1708,54cb7658-1ea4-4e9e-905e-24d434447584
1709,cb4289cd-50b2-4407-baba-424c91219f1a
1710,0f362983-5c94-4725-85ec-f71e8501f471
1711,511acf72-f828-4298-bac1-4b8f301c6353
1712,2bc75c5e-5435-41ca-bff9-56266b46a68d
1713,ff11d2d4-fd90-4eff-8336-ef5c0ddda6d6
1714,49fc142f-a1f7-41dd-9a98-9af04929d2f9
1715,bc32cc04-da74-42d7-8943-8ebdaeb8b321
1716,60f1d8aa-6938-48dc-835f-8d87887b0a06
1717,f4ab39d8-ff77-4eee-acfe-58cb860d494a
1718,98a8367e-de7b-465b-bdf3-a5c53d224398
1719,49e48be8-1089-41be-817e-b7377f120103
1720,ed1e3822-0f26-4cf3-880d-05fca45f0ebd
1721,b3b49088-deab-41da-834d-360e47c747c1
1722,abe9b4e5-d26a-44a7-afa0-0e1ea3139c3e
1723,25f56f16-0379-4bff-a15e-a94dbc416559
1724,a2b60930-2213-444e-94bf-6bf5f9319dff
1725,9e7f7a79-db4c-4b03-88eb-c599cd3fc21d
1726,9ec0ce39-42fc-4290-be2b-2278de60f9f2
1727,72500ddd-1a13-43d0-8309-3a9975c6867f
1728,019a2333-8992-45a6-88a9-d76c7256184c
1729,f778af49-b669-4daf-a65f-842442e1511f
1730,4908ece6-6f70-4fad-8c28-6174aafcfe84
1731,846625fc-14f9-4552-a539-086a77587aef
1732,77875087-1d76-45c7-b136-c320fee947d2
1733,1f33eb6a-f575-43c8-8ac1-d5a50854bf6d
1734,281b765d-0911-41d5-9f11-ffad7c0ab177
1735,ba61545d-d679-45db-969b-20a25f105654
1736,5c652c72-a88e-4db2-b3b9-bcd31db6cb6b
1737,222706d6-dd43-43be-87f7-3d8f1a70ac56
1738,13c1a870-8a35-4dff-bca1-33d02aea771b
1739,64279418-1f01-4b25-bd80-4870b84ce0fb
1740,0c47ad54-e9b8-4b19-890e-82412fb50869
1741,6d8a086e-e4f5-49a5-b2cb-3a12b7127e81
1742,899e9236-36f8-45d4-9b55-e5fa3d605ee3
1743,5e307641-29d8-4446-96cf-2297299f3bb4
1744,2642774a-347a-4888-8936-2ce1ce47ed1e
1745,6b2f75b3-3cd4-452e-a34f-39eb1b5600ac
1746,91bd9d0d-2c02-4bf4-aebb-4037aef21b97
1747,18dfa3e0-d08c-43d3-ba0e-92848be6d383
1748,556b91a8-970a-4839-88b8-cc993666a306
1749,165dc9f7-0304-4004-a7c8-3789d8b52658
1750,e02aaf46-eda4-47d2-adba-a611f03ac865
1751,04288358-40e0-48cf-b7a1-115a9151e600
1752,59de88be-b287-4417-b7c8-a155027194b9
1753,a1aca26c-c4be-4419-9cdf-e52bba3173c0
1754,ab8db4a1-079f-458c-a956-6aab2e41d007
1755,dd6c06fa-4941-412b-95f3-bb1cd075ba7e
1756,4c0be7b9-a589-4b8f-8b74-36b8f33e951e
1757,baa30be2-60df-437e-978c-601db9381cd8
1758,89176f08-959d-47fb-bc87-c4898e901016
1759,271a41b2-e1ad-489e-b920-f76484f1bc32
1760,586dccac-b11d-4009-998d-bb094550d2ca
1761,f8cb97e1-1950-4355-bcdc-ba8286fb95a2
1762,9a56c3d5-03de-4a9c-88bc-0de9ec1f674d
1763,1fdd906b-77ea-4039-8045-029e272a8dc3
1764,06688c87-ce29-4d52-9cf9-10ddf000d6ee
1765,d4de1024-7b97-4a42-92b3-7e0e8504bb60
1766,2fe74b69-bd3e-48ec-bcb5-71a5af88081d
1767,2ae711fe-e98e-4928-addb-d7121f34a767
1768,ce9b672f-8a7a-4054-8377-8b04d328e744
1769,0ea87746-fec1-46d9-90ee-56548bb5abbc
1770,0956cfa1-a2a8-4805-be84-d2745e00e5ae
1771,4eacf622-173d-43ad-9e22-4b197281917a
1772,76105bd4-cddb-4102-b9f7-9d260e220f34
1773,d8cf443b-306d-498f-835d-5b47d3a164a0
1774,92532044-86ad-41f4-b5c9-021dbc17fdcc
1775,f318492d-76fa-4e9b-9db8-6946d2a3aaec
1776,7b32e984-9270-48f6-be97-5e047b759e7b
1777,d86b3733-21a5-41d0-ba09-910ac4adfc11
1778,ddf84314-2bad-446b-9185-58306b85bf63
1779,3da82177-0b25-4f48-945d-85574742081e
1780,e36476a5-b31c-4bfc-a063-1b348fe650f5
1781,5959b638-2e7a-4619-aa9e-bfcf8da688ef
1782,788433eb-5102-4a0b-b7e9-164663aaaa6c
1783,8dfb5aae-6b8a-447b-a0a5-3db48ed241f0
1784,5e642e71-99d3-4509-935a-ee2cedd8dc11
1785,1d17e537-7aee-4883-bf6a-2686597b91fb
1786,11e9fe3d-d18a-42ab-9bcd-820639527775
1787,81269e79-c26a-4417-a0db-d281b91606c1
1788,8ee3e556-aacc-4469-8b63-24837868fc56
1789,d7e57633-9f17-45b6-9593-4ad913756014
1790,d4b225eb-c4a6-4ea2-86db-655e3336ac97
1791,2de6ea9a-605a-4f19-8ac9-50f06114ac9b
1792,2c675937-1cdb-4ff4-a496-95ad8762c43d
1793,8ac64d02-a8d8-4315-8f10-0c4f4f2034e5
1794,e1801576-38f6-431b-8f29-d1b0dcd35658
1795,e28e327e-c699-4160-8f6b-c92ef75e24c6
1796,ee7a95bd-5b39-4978-a765-cf0827a72684
1797,7520f53f-af1e-42f6-a4f8-ce3d7cc0d590
1798,40ee9906-5b76-4a58-b1b6-f38ce1cba699
1799,13608fcc-69fe-41ec-88bb-ebf77063baba
1800,56eb882a-9d75-4e56-8804-08e1f8b170eb
1801,86b3c96b-afa1-4b08-9d6e-d3b677b3f516
1802,2e43c9be-2431-4362-8914-c2cd1b4121f7
1803,9e01cf5a-22ad-4f56-bdf4-0624aee2432c
1804,763f8ce6-595a-4767-a891-b216e5490164
1805,00d7a2d7-9c31-43b5-9fdf-fc273c7a3594
1806,0ce8db63-cabb-4cc5-b936-5d1138089a6b
1807,a52d41b3-5290-4780-b72c-2f88b85c8644
1808,b10d0b97-1a48-44dc-bcf7-93fe028b0b65
1809,21875bab-27a3-4ef0-b855-9ed70eb46dcb
1810,c69bacfc-abae-4c2e-9a42-b4af1008e763
1811,e1dfc4b1-6bc2-41a4-8635-22e3c1f4f526
1812,f1407577-dc4b-4665-8ac7-9810e97c2f3f
1813,0eeb50ab-a313-4e21-9f6a-7a363b566603
1814,985239c3-7adb-4ef7-8913-781dc3af11b1
1815,5d0cc65a-5d2f-4553-b3b0-0898b3e8b226
1816,90549ff1-28f3-4d3a-a697-58c8132ce471
1817,9f240380-acd2-4f3f-af90-458bc1ef1156
1818,aef69ab0-6406-45e2-aa9e-3619dc7e9cf0
1819,75e5379b-ce45-4a25-9217-ffe2b57203b3
1820,f19b3974-5931-4925-9a1f-22656b12c958
1821,b6fb61a8-c214-4a50-b808-f00966aad9ff
1822,d65141f6-b599-4710-9f1c-2bd82a59e42c
1823,dda3d09e-430b-4dbc-9bc3-efffb5fb829a
1824,6cb63236-df7e-48a0-b076-05c15c638cd3
1825,c97e8c09-8d0b-41f3-b5fc-dc004870c5e6
1826,5460a994-db90-477a-8ebb-27513ad0e473
1827,0929b63a-fd78-4178-9c7a-aa3156b6e370
1828,a560a5fe-af84-4126-bb05-995487eb10df
1829,01f21e87-0156-480d-8234-b6cce1dd7224
1830,c65ad0d1-1518-4074-9712-935ea09e508a
1831,563594a9-e420-48a7-948b-f119fa5b40b7
1832,a03c6634-a1a6-4065-b332-e390597de8d4
1833,0ca4afa4-f9a5-4178-ad66-58ef60710102
1834,f0bf00b5-9d46-429f-af06-cbfc786bd21a
1835,cc8b479d-95b5-4978-b380-ed1dab7cf4eb
1836,2e040815-5db6-4738-a4b0-8a11e9aa07c5
1837,794dec2a-0be9-4be0-a1ce-fc195ccd4b9b
1838,3ff273d4-969c-4561-a8f2-980f813a164d
1839,7dca359b-4b2e-4aff-ae30-0ed113ccb637
1840,38180f30-a882-457a-8cdc-48c90f2e50a2
1841,6c512474-ad27-4d90-865e-6b09b6ff6675
1842,f9d56d08-b68f-4cf4-a8a3-6e7800faa870
1843,a91ae765-fd03-453c-ae82-199bd636a6f0
1844,6c572cba-be74-4be9-adf7-ba3fa20d6210
1845,f289b6f5-128e-4cae-833f-2d845a9b1b83
1846,0378f5d5-2bae-4451-972f-e2a5ffa2dec1
1847,57ee2d67-2a40-403e-a607-7d11a530de80
1848,1d1f8078-fa8f-41bb-a61a-722621a0bb86
1849,35c7f279-33f4-4239-b906-a18538d35832
1850,da083274-a2f4-45ed-9cb0-bd42baa4b809
1851,56f59a98-4cea-4856-99b2-d10377e0fdc0
1852,1609c043-73c5-40c3-bc2a-7eaab359f530
1853,bb32e894-c6f9-4e9b-b708-342cf4383736
1854,5058d909-87ae-4df5-91af-3af12393281d
1855,648ac6eb-c31d-4e75-b091-203cacc1482f
1856,aa01caea-b575-4b8b-a00b-d597169a2410
1857,3ab77879-a72b-4c12-8528-5564b723db47
1858,6a383a36-dbd4-4387-9ab9-21de7c183ab1
1859,1c0591e8-9fc4-47e9-bbd1-2063df6f7645
1860,a1303e0f-1b46-4810-a107-3eb4acbe29da
1861,1d1f9819-4fb4-4c9b-b650-b889e8fde2e9
1862,af3c542e-b0a0-4c33-babc-5bd22c4dbfae
1863,c9d4dde7-c9e0-4727-bae1-8673aa0e2dca
1864,7fbc03c0-10dc-4993-9535-527f76658d3d
1865,fbdf6f17-6065-46a3-aaf1-a7ab9a0c798d
1866,057cb16c-ea0a-4f49-8095-dd8de34b2227
1867,fa49e4df-7695-4633-8e2d-3d8e7b17d241
1868,ad5e31d7-57cb-46b8-b732-e18aceb2f41e
1869,87416b0a-dbe7-46b1-b5e5-94be9b2f68dc
1870,1e59bec0-a1cd-40a8-8b56-99219d0bdeb1
1871,7a6542ed-d130-47fd-a6aa-a947afbdaa9e
1872,8a201ce3-7594-446f-a314-95daa5e55602
1873,c129616b-5540-41b1-9802-18ffa2cb231b
1874,fdb095a3-18f4-4bf9-be35-6ec3b1419f42
1875,0c062c03-718f-4428-bff6-fde130fca9f0
1876,bf1f3568-f5b9-45bc-a00d-8e28bc9ef1af
1877,d9406d8f-84d0-4f5d-8029-7942cb5ab6de
1878,55fb3244-3da5-43b4-aec4-121cca7bcfc3
1879,98a928a1-0366-4237-a5a5-b0138d1cede5
1880,661210f8-ea89-434d-bf54-31e36c61c0ee
1881,f10e6be7-8352-47dc-b392-c7b7758288d3
1882,1e9705b3-9afc-4edd-80d8-30a816d2ef20
1883,210fc484-2a4e-4474-a4d1-40b536d9adc7
1884,faf5ddd2-bd44-445f-aeb7-1c260415a46e
1885,9ee90746-5781-4278-9a69-7620adb2201b
1886,3331f131-4740-415b-83e2-d9754879dd54
1887,ce2ce5d4-8d7e-4715-9ab3-07612d793d6f
1888,d66d1449-a8fe-4a8a-aa03-6588bd1feac4
1889,0f58a7a2-cc92-45e5-a5cf-c64917095445
1890,028a7e50-f23a-4da3-83bd-036d87914b32
1891,f65d8cdf-81c1-4702-90d4-697d662cd9df
1892,76adcc2d-2e7b-457f-9444-35b389e8b28c
1893,f0d8dd52-7bb6-4ec9-b70f-210118d43591
1894,beeeaa13-c493-402c-8f4b-fc8c1550c85c
1895,97e76426-d354-4c4c-8467-0f90c9f3ef28
1896,5212cd0d-fe82-41ed-be35-3da213e7ea16
1897,044cadbb-7bb0-4193-a90d-8f1b9b559a89
1898,20de56f2-7875-467b-9fb9-04b36e38065f
1899,69a39e25-09ed-4c61-bc2d-36e11ba6fb0b
1900,6648e432-0178-47dc-8fd4-ec246ff26679
1901,6ca58767-851b-409e-997f-f9dc9f1086ea
1902,6f5391e3-6f14-4485-be1b-ce1399c8f5f8
1903,2ca21897-b98a-4972-898e-63bf7d4c0479
1904,8652b5e1-61a5-4ee6-a473-44bccbc6641e
1905,1b3ed2ff-4869-4b75-854d-e759db05b200
1906,f5ce47a4-30ea-4e9d-9c9b-43c18f0e0544
1907,0ef1170d-c84e-4872-9984-e55c2b5116bd
1908,c67eaece-7600-488e-a910-d24d5bb5acb4
1909,08a21d78-248c-4c46-8ed3-4e3117eb0340
1910,af57ed91-80b0-47fa-9da3-199efa61d354
1911,8afb5c3d-5833-4325-8d32-cf378a4366e7
1912,8c870f51-8446-4ef0-800c-d2f0e094845b
1913,cfc1871a-8299-4235-99b9-ea088caf383b
1914,723a0829-55f7-4f1e-b442-1cf055f886b7
1915,9595645f-3bd0-4bcb-a6b5-be16a29c2db9
1916,3ab3dbab-c841-48cf-aeff-4b753652fdd3
1917,85c332e7-8e0a-47a7-b0f2-0fd573865ccd
1918,d2ab7eba-ca20-41ac-99ea-6e0c516ed6d2
1919,2a768b5b-2ec5-45c0-845d-e6992f935c4f
1920,58723040-558c-4c4b-81d1-9a47b986b47e
1921,771545ad-c0e1-4950-8670-3b9ac9b6270c
1922,f3ae80b5-11b5-498a-924b-4b735db2ff73
1923,8b53bbf8-864a-4ae7-a857-9c0704daa3c2
1924,bc5c4cad-fe93-4f58-9748-869e43902587
1925,9fa0c93f-b4f6-4f05-908a-db214dfc2efa
1926,1925c767-efe9-47df-9f02-85c272c1953e
1927,4ac5932c-181d-4388-84c8-860937b0d943
1928,c518ecc4-4da9-4de4-997b-4868f9cfd6f2
1929,23130b9c-b642-4be7-852e-d657e2fb4300
1930,bb797a42-7f36-4066-a3e7-01c217c72c63
1931,e000bf89-eb77-4e79-bb89-221016d739eb
1932,a251cdaa-6f13-4b9a-b95a-280eb0ea63f6
1933,2e61ee97-86d2-4ea9-a711-2b3f24260fa3
1934,73164f62-7ca6-4a76-bfe8-ed92a845198b
1935,f1d44ec7-c74d-4276-9ec3-4880a7a43404
1936,1808905b-a22e-458a-bbff-6c03ba2fde68
1937,0cabdb06-e54d-4c6a-ae15-609bbe838599
1938,86da1703-78eb-4eba-869f-96a7d720f192
1939,f6908df7-fa6e-4fac-aefc-541f82931e0e
1940,3b35e796-4b8b-478e-b667-1964933baaeb
1941,3101b3cb-83ae-49c7-b8b1-a54e290b25da
1942,45c53cb7-d046-4974-8c84-aeb5b4e437eb
1943,f2a02c2b-6905-4c74-99e8-e3c8b059e701
1944,d50bb0c6-e374-4840-a61b-890727af851b
1945,b9e3d971-8bfc-4bbb-b5c6-81cfe60fe027
1946,def90aa6-7cec-4f46-8e03-fe2b95228c58
1947,a9a24ed7-3f2b-4d9a-8145-a109029bb426
1948,70174771-6876-4429-b4dc-1ab345738573
1949,24e1f77e-9d20-4976-bd72-dd2bf2d943c3
1950,08df46a7-6298-467d-92ea-18b7e95f5db0
1951,d3e98215-5ef1-4a16-a338-14c049e4f358
1952,bf490262-214e-4961-a875-9ed47239d122
1953,0e9db19a-0f88-40a5-aded-d5f8e4654aa6
1954,f0bd6c64-7795-410d-81aa-480715d9edeb
1955,cf42dd62-c836-4250-9e6e-94023b8931d0
1956,419b84ae-805c-4f63-a3e0-cf6ca37727ce
1957,97dee07c-08d2-484e-a7fb-49d35dd3a6cb
1958,0e7b5e67-a9fd-4e3d-8a7d-dafd75f0162f
1959,1806a899-2275-4491-9c57-3967d458301c
1960,078ee8e2-9211-435a-b01d-d22e40dd63b7
1961,45df9936-45f8-4924-9990-f6535c6986b7
1962,5b1d55c0-b257-4c2e-b256-fe7e97a2f7c2
1963,312299bb-bc6e-475b-bd7e-7598c4efc312
1964,ae7d7967-6bad-4e55-b260-581cd6046731
1965,a5a0d109-d416-4fff-bd8a-6f18e5efa35c
1966,aa3ecf3b-471b-4e0f-82fd-b850b911da9d
1967,f2b97f96-5082-4ff5-864b-9c0f6baee774
1968,e7ccf332-fbf1-4c92-9a16-aa4a29db74c7
1969,2081ec95-95ee-4d06-a0aa-b29bc7967225
1970,1924676a-749e-403b-b511-cab9289d78a1
1971,b9b4c796-7ed0-4caa-876c-393aa10db09f
1972,970aa473-1437-4a21-af18-f5f82a7bc96c
1973,ade8b9dd-e097-4811-a326-51442aa18850
1974,a8ff02b9-212c-4e0b-a4b4-46fdb02607a0
1975,cf1da50f-1420-44ff-8fb4-2d35866a8a37
1976,484480e9-4307-4873-91f8-9fa87844c750
1977,b02de94f-1894-4aff-a50c-4c621904fe07
1978,8080c727-362d-4a27-92fc-1e053ca4f0ce
1979,1d6c27aa-1094-48c3-ba97-263de594e2c3
1980,52d6fd13-039e-4f50-baf5-cd7f59438475
1981,0f99f36f-a153-449e-854b-ff134f09b7ad
1982,747601bd-8431-447f-9486-b86c9adee280
1983,d585c32a-964b-404d-89ed-17c59ae8a767
1984,daba73c5-cedb-414c-a513-1ed2763d85e1
1985,25442602-9f5c-4231-9920-2d1a8af3989c
1986,ea2905ce-5668-4ce6-be1f-ed65533e4ca8
1987,77504aa4-1798-482c-80a6-dd79160e4fbb
1988,18aa5b9b-d87a-4623-9dc2-0fc3751c5999
1989,6bd2471c-25df-4b08-b5a6-469d6215b1c3
1990,c3cb068e-b88a-4845-9ce8-023d0f4b00cc
1991,4ce5c6af-570e-4a5a-b723-5b8301108dda
1992,f9bd5aa1-157f-460a-ba56-f9dc79069375
1993,da02d325-f4ba-41d8-ae3a-ff3a0805a7d3
1994,87ca8cd8-6350-4732-87f3-e1c189249220
1995,52cd3750-7ea5-4774-a53c-9956a471d8e6
1996,9d2f6ad4-3691-4c22-b60b-0d19ab0fe4c4
1997,3c16b03a-4263-4b47-b2f2-949d1c8618ed
1998,906e312e-2f17-444a-9540-5359d0cd5801
1999,2fc1120b-22bd-4a47-8294-f16ae1564f00
2000,c596cf8d-61fe-40e0-aa6c-cffb818c9dc1
2001,4aa73384-f6d2-462e-96a5-576ce60e013c
2002,49dc9381-598c-4eb6-97d8-f34ca63aab27
2003,83407af5-9a72-499a-bf41-d5e4f56d945e
2004,8649fbd1-59fa-45fa-b77a-e066a2a0abc7
2005,8f3d3df5-194b-44e4-a119-81d0abf4474e
2006,eb99da14-8aa6-42bb-834e-ded9aceb685b
2007,e15bb7c4-7de7-4308-8270-7a2061c27c65
2008,2af0cac9-9dc9-4325-bd51-00e6cc5a584a
2009,b2b18e35-c90e-424c-a515-9351d540cf0c
2010,7ad729a3-ca68-4fbb-8480-b1f64ed9e469
2011,ad2fa5dc-9599-49ec-870f-5516fd6c2786
2012,4429339e-36aa-429f-8e0f-1e500e5bfa4a
2013,74e9aa69-60a0-4a24-aeef-f890263c7ea4
2014,e58117c3-2a2f-43a3-85e3-cec475bc2763
2015,bc5ecd43-2e81-4987-9b1f-43c8ab47d482
2016,bc45d556-c1a9-4f16-b627-045142cf5102
2017,5e0c8d29-18e7-4be2-8195-7cdcf585098d
2018,b46169f8-e7aa-4da7-bfab-a3b8d92ab996
2019,1273e140-2be3-4e0a-b87a-57f4af4823c4
2020,1ff7939f-6c08-4b2b-a837-cd85bfaaff8c
2021,56ca98c8-9cce-402a-87de-829e4a88aa1f
2022,18dcbfd5-2a08-4be3-af70-a5b6d3160668
2023,3d67d04e-3e83-457d-b8e3-826bea7063db
2024,7e903977-745a-42df-b120-18ed139820ad
2025,04925e9a-fc27-4e8d-8b86-61faf219853f
2026,7d66010c-01d8-48fe-95c3-c87ada385fcf
2027,0c1d26fb-2ac7-4f39-ab55-eb887119ba2e
2028,33822e70-beaf-4d9f-bd5b-eca990189691
2029,138b3bdf-712c-4bf0-a67a-24615e49fc1d
2030,e4652459-b0f9-4327-885b-f4f24dbae46d
2031,5c15c01c-a16a-43da-aa8d-270c6375f3f7
2032,9b67aa7c-d19b-47dd-aea9-ae0aecd66e6d
2033,12582cf2-edfe-4935-9815-bcfcbbf60e37
2034,f8ff28de-2667-4d4e-acea-01dfbeb1d3ee
2035,55cad6f3-e228-486b-8ed4-ea76bac34dec
2036,05b62527-46bf-4c32-a2e6-2fa94575adff
2037,1c984d45-0bc4-4623-9130-6d4f93641cb2
2038,0eeb28da-fea6-4395-818a-51a96aa12a3e
2039,d9ffa6c8-4ab5-44d9-8fe6-d0c30333a33b
2040,f755b4e9-5e3c-43d1-8171-14827c0d4bb9
2041,1c19f65d-ee26-495d-bd63-72b1494bac44
2042,364e8335-2f0c-460d-9bf5-7c6d93eb7d6c
2043,c28c566c-baee-4647-a7fa-31e62e759ad6
2044,d5b115aa-c77d-451b-b692-e6e478e6848c
2045,ce644840-d255-4579-a726-0084bd261519
2046,8bf3f7b7-a749-461d-b27c-1eb024cbc9d4
2047,42f379cb-6468-494b-a13b-3a156e6e9ec1
2048,6d87ce42-6914-43f0-a581-ad4820d56cf4
2049,9001b71a-8142-497b-9a78-1fd451c9c696
2050,672fc151-0744-4ecc-b775-d9867f9cbe6d
2051,d4305970-0f18-42af-a580-520b92953cfc
2052,b5c91c49-f8fd-4a08-a717-85e107fa87f3
2053,881dc037-ecb0-49b4-b6d5-0cc8734f350e
2054,6fc2450e-15e2-416a-91c9-cae58dff6383
2055,62f271b0-35b5-417b-ac6c-91107f4fd7db
2056,8b885c85-c965-42b0-bf05-31b797325757
2057,7834c13b-25e0-460a-b483-0f077acac850
2058,39ce1a7f-4e5c-4459-9ba6-d21079e5f674
2059,705ae8fc-c2c1-43ab-a783-39c2c04517b4
2060,d1b4097d-f9f4-4cc3-aca9-894c7381317c
2061,ddb5e974-bf4c-4e5c-9b44-3d4b8da92056
2062,a5b3cebc-7a64-40b8-a02a-6a480ba2a29e
2063,52e0e518-6ae8-4e78-b52a-fd55fc878597
2064,0d00cd98-4c13-4a88-8e00-0e86ed9a1d78
2065,b8fad5d7-8ecd-4aa9-9fc0-216ee68cc903
2066,29275ebb-8e61-4112-b7bc-66788afe790c
2067,67653212-abcf-43e2-835e-7fa32b42fc69
2068,712fdc49-a57d-472c-9d46-c0a86bffce0d
